object_class,filepath
bear,train/n02132136/n02132136_1001.jpg
bear,train/n02132136/n02132136_10024.jpg
bear,train/n02132136/n02132136_10029.jpg
bear,train/n02132136/n02132136_10030.jpg
bear,train/n02132136/n02132136_10057.jpg
bear,train/n02132136/n02132136_1006.jpg
bear,train/n02132136/n02132136_10060.jpg
bear,train/n02132136/n02132136_10081.jpg
bear,train/n02132136/n02132136_10107.jpg
bear,train/n02132136/n02132136_10113.jpg
bear,train/n02132136/n02132136_10132.jpg
bear,train/n02132136/n02132136_10134.jpg
bear,train/n02132136/n02132136_1016.jpg
bear,train/n02132136/n02132136_10175.jpg
bear,train/n02132136/n02132136_10180.jpg
bear,train/n02132136/n02132136_10200.jpg
bear,train/n02132136/n02132136_10212.jpg
bear,train/n02132136/n02132136_1023.jpg
bear,train/n02132136/n02132136_10236.jpg
bear,train/n02132136/n02132136_1024.jpg
bear,train/n02132136/n02132136_10264.jpg
bear,train/n02132136/n02132136_10281.jpg
bear,train/n02132136/n02132136_10284.jpg
bear,train/n02132136/n02132136_1029.jpg
bear,train/n02132136/n02132136_10301.jpg
bear,train/n02132136/n02132136_10309.jpg
bear,train/n02132136/n02132136_1031.jpg
bear,train/n02132136/n02132136_10318.jpg
bear,train/n02132136/n02132136_10324.jpg
bear,train/n02132136/n02132136_10326.jpg
bear,train/n02132136/n02132136_10344.jpg
bear,train/n02132136/n02132136_10345.jpg
bear,train/n02132136/n02132136_10352.jpg
bear,train/n02132136/n02132136_10375.jpg
bear,train/n02132136/n02132136_10385.jpg
bear,train/n02132136/n02132136_10391.jpg
bear,train/n02132136/n02132136_10404.jpg
bear,train/n02132136/n02132136_10412.jpg
bear,train/n02132136/n02132136_10420.jpg
bear,train/n02132136/n02132136_10422.jpg
bear,train/n02132136/n02132136_10423.jpg
bear,train/n02132136/n02132136_10428.jpg
bear,train/n02132136/n02132136_10445.jpg
bear,train/n02132136/n02132136_10461.jpg
bear,train/n02132136/n02132136_10463.jpg
bear,train/n02132136/n02132136_10468.jpg
bear,train/n02132136/n02132136_10496.jpg
bear,train/n02132136/n02132136_10514.jpg
bear,train/n02132136/n02132136_1053.jpg
bear,train/n02132136/n02132136_10559.jpg
bear,train/n02132136/n02132136_1056.jpg
bear,train/n02132136/n02132136_10560.jpg
bear,train/n02132136/n02132136_10564.jpg
bear,train/n02132136/n02132136_10572.jpg
bear,train/n02132136/n02132136_10577.jpg
bear,train/n02132136/n02132136_10603.jpg
bear,train/n02132136/n02132136_10620.jpg
bear,train/n02132136/n02132136_10622.jpg
bear,train/n02132136/n02132136_10624.jpg
bear,train/n02132136/n02132136_10625.jpg
bear,train/n02132136/n02132136_10628.jpg
bear,train/n02132136/n02132136_1064.jpg
bear,train/n02132136/n02132136_10654.jpg
bear,train/n02132136/n02132136_10684.jpg
bear,train/n02132136/n02132136_10693.jpg
bear,train/n02132136/n02132136_10709.jpg
bear,train/n02132136/n02132136_10740.jpg
bear,train/n02132136/n02132136_1076.jpg
bear,train/n02132136/n02132136_10767.jpg
bear,train/n02132136/n02132136_10769.jpg
bear,train/n02132136/n02132136_10775.jpg
bear,train/n02132136/n02132136_10790.jpg
bear,train/n02132136/n02132136_10811.jpg
bear,train/n02132136/n02132136_10833.jpg
bear,train/n02132136/n02132136_10837.jpg
bear,train/n02132136/n02132136_10841.jpg
bear,train/n02132136/n02132136_10875.jpg
bear,train/n02132136/n02132136_10884.jpg
bear,train/n02132136/n02132136_1089.jpg
bear,train/n02132136/n02132136_10907.jpg
bear,train/n02132136/n02132136_10920.jpg
bear,train/n02132136/n02132136_1093.jpg
bear,train/n02132136/n02132136_10944.jpg
bear,train/n02132136/n02132136_10962.jpg
bear,train/n02132136/n02132136_10978.jpg
bear,train/n02132136/n02132136_10979.jpg
bear,train/n02132136/n02132136_10988.jpg
bear,train/n02132136/n02132136_10990.jpg
bear,train/n02132136/n02132136_110.jpg
bear,train/n02132136/n02132136_11015.jpg
bear,train/n02132136/n02132136_11027.jpg
bear,train/n02132136/n02132136_11036.jpg
bear,train/n02132136/n02132136_11050.jpg
bear,train/n02132136/n02132136_11072.jpg
bear,train/n02132136/n02132136_111.jpg
bear,train/n02132136/n02132136_11107.jpg
bear,train/n02132136/n02132136_11115.jpg
bear,train/n02132136/n02132136_11123.jpg
bear,train/n02132136/n02132136_11125.jpg
bear,train/n02132136/n02132136_11127.jpg
bear,train/n02132136/n02132136_11142.jpg
bear,train/n02132136/n02132136_11149.jpg
bear,train/n02132136/n02132136_11159.jpg
bear,train/n02132136/n02132136_11173.jpg
bear,train/n02132136/n02132136_11183.jpg
bear,train/n02132136/n02132136_11198.jpg
bear,train/n02132136/n02132136_11217.jpg
bear,train/n02132136/n02132136_11246.jpg
bear,train/n02132136/n02132136_1126.jpg
bear,train/n02132136/n02132136_11285.jpg
bear,train/n02132136/n02132136_1132.jpg
bear,train/n02132136/n02132136_11325.jpg
bear,train/n02132136/n02132136_11327.jpg
bear,train/n02132136/n02132136_11339.jpg
bear,train/n02132136/n02132136_1141.jpg
bear,train/n02132136/n02132136_1152.jpg
bear,train/n02132136/n02132136_1153.jpg
bear,train/n02132136/n02132136_1156.jpg
bear,train/n02132136/n02132136_1157.jpg
bear,train/n02132136/n02132136_1163.jpg
bear,train/n02132136/n02132136_11640.jpg
bear,train/n02132136/n02132136_11643.jpg
bear,train/n02132136/n02132136_11693.jpg
bear,train/n02132136/n02132136_1181.jpg
bear,train/n02132136/n02132136_1183.jpg
bear,train/n02132136/n02132136_11855.jpg
bear,train/n02132136/n02132136_1186.jpg
bear,train/n02132136/n02132136_11912.jpg
bear,train/n02132136/n02132136_11933.jpg
bear,train/n02132136/n02132136_11969.jpg
bear,train/n02132136/n02132136_12053.jpg
bear,train/n02132136/n02132136_12060.jpg
bear,train/n02132136/n02132136_12096.jpg
bear,train/n02132136/n02132136_1211.jpg
bear,train/n02132136/n02132136_12113.jpg
bear,train/n02132136/n02132136_12138.jpg
bear,train/n02132136/n02132136_1218.jpg
bear,train/n02132136/n02132136_1219.jpg
bear,train/n02132136/n02132136_12191.jpg
bear,train/n02132136/n02132136_12198.jpg
bear,train/n02132136/n02132136_12220.jpg
bear,train/n02132136/n02132136_12255.jpg
bear,train/n02132136/n02132136_12326.jpg
bear,train/n02132136/n02132136_1236.jpg
bear,train/n02132136/n02132136_12391.jpg
bear,train/n02132136/n02132136_12400.jpg
bear,train/n02132136/n02132136_12401.jpg
bear,train/n02132136/n02132136_12477.jpg
bear,train/n02132136/n02132136_1249.jpg
bear,train/n02132136/n02132136_12577.jpg
bear,train/n02132136/n02132136_1259.jpg
bear,train/n02132136/n02132136_12593.jpg
bear,train/n02132136/n02132136_12616.jpg
bear,train/n02132136/n02132136_1278.jpg
bear,train/n02132136/n02132136_12845.jpg
bear,train/n02132136/n02132136_1285.jpg
bear,train/n02132136/n02132136_129.jpg
bear,train/n02132136/n02132136_130.jpg
bear,train/n02132136/n02132136_1301.jpg
bear,train/n02132136/n02132136_13018.jpg
bear,train/n02132136/n02132136_13071.jpg
bear,train/n02132136/n02132136_13078.jpg
bear,train/n02132136/n02132136_13097.jpg
bear,train/n02132136/n02132136_131.jpg
bear,train/n02132136/n02132136_13183.jpg
bear,train/n02132136/n02132136_13370.jpg
bear,train/n02132136/n02132136_1338.jpg
bear,train/n02132136/n02132136_1343.jpg
bear,train/n02132136/n02132136_13440.jpg
bear,train/n02132136/n02132136_13441.jpg
bear,train/n02132136/n02132136_13447.jpg
bear,train/n02132136/n02132136_1350.jpg
bear,train/n02132136/n02132136_13556.jpg
bear,train/n02132136/n02132136_13578.jpg
bear,train/n02132136/n02132136_13587.jpg
bear,train/n02132136/n02132136_13604.jpg
bear,train/n02132136/n02132136_13623.jpg
bear,train/n02132136/n02132136_13666.jpg
bear,train/n02132136/n02132136_13668.jpg
bear,train/n02132136/n02132136_1369.jpg
bear,train/n02132136/n02132136_13746.jpg
bear,train/n02132136/n02132136_1380.jpg
bear,train/n02132136/n02132136_1386.jpg
bear,train/n02132136/n02132136_13864.jpg
bear,train/n02132136/n02132136_1389.jpg
bear,train/n02132136/n02132136_1391.jpg
bear,train/n02132136/n02132136_13912.jpg
bear,train/n02132136/n02132136_1393.jpg
bear,train/n02132136/n02132136_13975.jpg
bear,train/n02132136/n02132136_1403.jpg
bear,train/n02132136/n02132136_1405.jpg
bear,train/n02132136/n02132136_14056.jpg
bear,train/n02132136/n02132136_1412.jpg
bear,train/n02132136/n02132136_14166.jpg
bear,train/n02132136/n02132136_14194.jpg
bear,train/n02132136/n02132136_14208.jpg
bear,train/n02132136/n02132136_1421.jpg
bear,train/n02132136/n02132136_1427.jpg
bear,train/n02132136/n02132136_14294.jpg
bear,train/n02132136/n02132136_14346.jpg
bear,train/n02132136/n02132136_1438.jpg
bear,train/n02132136/n02132136_14385.jpg
bear,train/n02132136/n02132136_14549.jpg
bear,train/n02132136/n02132136_1455.jpg
bear,train/n02132136/n02132136_14583.jpg
bear,train/n02132136/n02132136_14588.jpg
bear,train/n02132136/n02132136_14595.jpg
bear,train/n02132136/n02132136_14614.jpg
bear,train/n02132136/n02132136_14625.jpg
bear,train/n02132136/n02132136_1467.jpg
bear,train/n02132136/n02132136_1468.jpg
bear,train/n02132136/n02132136_14776.jpg
bear,train/n02132136/n02132136_14778.jpg
bear,train/n02132136/n02132136_1481.jpg
bear,train/n02132136/n02132136_14825.jpg
bear,train/n02132136/n02132136_14829.jpg
bear,train/n02132136/n02132136_14832.jpg
bear,train/n02132136/n02132136_149.jpg
bear,train/n02132136/n02132136_14985.jpg
bear,train/n02132136/n02132136_1499.jpg
bear,train/n02132136/n02132136_15001.jpg
bear,train/n02132136/n02132136_15002.jpg
bear,train/n02132136/n02132136_15015.jpg
bear,train/n02132136/n02132136_15149.jpg
bear,train/n02132136/n02132136_1515.jpg
bear,train/n02132136/n02132136_1516.jpg
bear,train/n02132136/n02132136_15168.jpg
bear,train/n02132136/n02132136_15174.jpg
bear,train/n02132136/n02132136_152.jpg
bear,train/n02132136/n02132136_15262.jpg
bear,train/n02132136/n02132136_1528.jpg
bear,train/n02132136/n02132136_1532.jpg
bear,train/n02132136/n02132136_15407.jpg
bear,train/n02132136/n02132136_1543.jpg
bear,train/n02132136/n02132136_15450.jpg
bear,train/n02132136/n02132136_15462.jpg
bear,train/n02132136/n02132136_15525.jpg
bear,train/n02132136/n02132136_15568.jpg
bear,train/n02132136/n02132136_1558.jpg
bear,train/n02132136/n02132136_15581.jpg
bear,train/n02132136/n02132136_15646.jpg
bear,train/n02132136/n02132136_15681.jpg
bear,train/n02132136/n02132136_15687.jpg
bear,train/n02132136/n02132136_1574.jpg
bear,train/n02132136/n02132136_15806.jpg
bear,train/n02132136/n02132136_1584.jpg
bear,train/n02132136/n02132136_15870.jpg
bear,train/n02132136/n02132136_1591.jpg
bear,train/n02132136/n02132136_15950.jpg
bear,train/n02132136/n02132136_1596.jpg
bear,train/n02132136/n02132136_15989.jpg
bear,train/n02132136/n02132136_16.jpg
bear,train/n02132136/n02132136_16009.jpg
bear,train/n02132136/n02132136_16010.jpg
bear,train/n02132136/n02132136_1603.jpg
bear,train/n02132136/n02132136_16055.jpg
bison,train/n02410509/n02410509_10006.jpg
bison,train/n02410509/n02410509_10032.jpg
bison,train/n02410509/n02410509_10036.jpg
bison,train/n02410509/n02410509_1004.jpg
bison,train/n02410509/n02410509_1009.jpg
bison,train/n02410509/n02410509_101.jpg
bison,train/n02410509/n02410509_10108.jpg
bison,train/n02410509/n02410509_10115.jpg
bison,train/n02410509/n02410509_1012.jpg
bison,train/n02410509/n02410509_1013.jpg
bison,train/n02410509/n02410509_1015.jpg
bison,train/n02410509/n02410509_10155.jpg
bison,train/n02410509/n02410509_1017.jpg
bison,train/n02410509/n02410509_10176.jpg
bison,train/n02410509/n02410509_1019.jpg
bison,train/n02410509/n02410509_1020.jpg
bison,train/n02410509/n02410509_10204.jpg
bison,train/n02410509/n02410509_1022.jpg
bison,train/n02410509/n02410509_10259.jpg
bison,train/n02410509/n02410509_10264.jpg
bison,train/n02410509/n02410509_10301.jpg
bison,train/n02410509/n02410509_10325.jpg
bison,train/n02410509/n02410509_10337.jpg
bison,train/n02410509/n02410509_10340.jpg
bison,train/n02410509/n02410509_10346.jpg
bison,train/n02410509/n02410509_10369.jpg
bison,train/n02410509/n02410509_10370.jpg
bison,train/n02410509/n02410509_1038.jpg
bison,train/n02410509/n02410509_10381.jpg
bison,train/n02410509/n02410509_10385.jpg
bison,train/n02410509/n02410509_1039.jpg
bison,train/n02410509/n02410509_104.jpg
bison,train/n02410509/n02410509_1040.jpg
bison,train/n02410509/n02410509_10408.jpg
bison,train/n02410509/n02410509_1041.jpg
bison,train/n02410509/n02410509_1044.jpg
bison,train/n02410509/n02410509_10460.jpg
bison,train/n02410509/n02410509_10468.jpg
bison,train/n02410509/n02410509_10481.jpg
bison,train/n02410509/n02410509_10492.jpg
bison,train/n02410509/n02410509_105.jpg
bison,train/n02410509/n02410509_1050.jpg
bison,train/n02410509/n02410509_1063.jpg
bison,train/n02410509/n02410509_1064.jpg
bison,train/n02410509/n02410509_1073.jpg
bison,train/n02410509/n02410509_1075.jpg
bison,train/n02410509/n02410509_108.jpg
bison,train/n02410509/n02410509_1081.jpg
bison,train/n02410509/n02410509_1084.jpg
bison,train/n02410509/n02410509_1086.jpg
bison,train/n02410509/n02410509_1099.jpg
bison,train/n02410509/n02410509_1100.jpg
bison,train/n02410509/n02410509_1108.jpg
bison,train/n02410509/n02410509_1113.jpg
bison,train/n02410509/n02410509_1115.jpg
bison,train/n02410509/n02410509_1117.jpg
bison,train/n02410509/n02410509_112.jpg
bison,train/n02410509/n02410509_1121.jpg
bison,train/n02410509/n02410509_1125.jpg
bison,train/n02410509/n02410509_1127.jpg
bison,train/n02410509/n02410509_1131.jpg
bison,train/n02410509/n02410509_1134.jpg
bison,train/n02410509/n02410509_1135.jpg
bison,train/n02410509/n02410509_1139.jpg
bison,train/n02410509/n02410509_114.jpg
bison,train/n02410509/n02410509_1152.jpg
bison,train/n02410509/n02410509_1160.jpg
bison,train/n02410509/n02410509_1164.jpg
bison,train/n02410509/n02410509_1168.jpg
bison,train/n02410509/n02410509_1174.jpg
bison,train/n02410509/n02410509_11746.jpg
bison,train/n02410509/n02410509_11748.jpg
bison,train/n02410509/n02410509_1178.jpg
bison,train/n02410509/n02410509_1186.jpg
bison,train/n02410509/n02410509_11874.jpg
bison,train/n02410509/n02410509_11946.jpg
bison,train/n02410509/n02410509_1195.jpg
bison,train/n02410509/n02410509_1196.jpg
bison,train/n02410509/n02410509_1199.jpg
bison,train/n02410509/n02410509_1203.jpg
bison,train/n02410509/n02410509_1208.jpg
bison,train/n02410509/n02410509_1209.jpg
bison,train/n02410509/n02410509_121.jpg
bison,train/n02410509/n02410509_1211.jpg
bison,train/n02410509/n02410509_1212.jpg
bison,train/n02410509/n02410509_1214.jpg
bison,train/n02410509/n02410509_12157.jpg
bison,train/n02410509/n02410509_122.jpg
bison,train/n02410509/n02410509_1223.jpg
bison,train/n02410509/n02410509_12272.jpg
bison,train/n02410509/n02410509_123.jpg
bison,train/n02410509/n02410509_1231.jpg
bison,train/n02410509/n02410509_1232.jpg
bison,train/n02410509/n02410509_124.jpg
bison,train/n02410509/n02410509_1241.jpg
bison,train/n02410509/n02410509_1242.jpg
bison,train/n02410509/n02410509_1244.jpg
bison,train/n02410509/n02410509_1249.jpg
bison,train/n02410509/n02410509_125.jpg
bison,train/n02410509/n02410509_1250.jpg
bison,train/n02410509/n02410509_1271.jpg
bison,train/n02410509/n02410509_1273.jpg
bison,train/n02410509/n02410509_1274.jpg
bison,train/n02410509/n02410509_1275.jpg
bison,train/n02410509/n02410509_1278.jpg
bison,train/n02410509/n02410509_12813.jpg
bison,train/n02410509/n02410509_1282.jpg
bison,train/n02410509/n02410509_129.jpg
bison,train/n02410509/n02410509_1292.jpg
bison,train/n02410509/n02410509_12948.jpg
bison,train/n02410509/n02410509_1299.jpg
bison,train/n02410509/n02410509_1301.jpg
bison,train/n02410509/n02410509_1306.jpg
bison,train/n02410509/n02410509_1307.jpg
bison,train/n02410509/n02410509_13096.jpg
bison,train/n02410509/n02410509_131.jpg
bison,train/n02410509/n02410509_1310.jpg
bison,train/n02410509/n02410509_1316.jpg
bison,train/n02410509/n02410509_13165.jpg
bison,train/n02410509/n02410509_1317.jpg
bison,train/n02410509/n02410509_1318.jpg
bison,train/n02410509/n02410509_1319.jpg
bison,train/n02410509/n02410509_1323.jpg
bison,train/n02410509/n02410509_13234.jpg
bison,train/n02410509/n02410509_133.jpg
bison,train/n02410509/n02410509_1332.jpg
bison,train/n02410509/n02410509_1336.jpg
bison,train/n02410509/n02410509_1342.jpg
bison,train/n02410509/n02410509_1348.jpg
bison,train/n02410509/n02410509_1353.jpg
bison,train/n02410509/n02410509_1354.jpg
bison,train/n02410509/n02410509_1359.jpg
bison,train/n02410509/n02410509_1360.jpg
bison,train/n02410509/n02410509_13602.jpg
bison,train/n02410509/n02410509_13609.jpg
bison,train/n02410509/n02410509_1363.jpg
bison,train/n02410509/n02410509_1364.jpg
bison,train/n02410509/n02410509_1365.jpg
bison,train/n02410509/n02410509_1366.jpg
bison,train/n02410509/n02410509_1371.jpg
bison,train/n02410509/n02410509_1376.jpg
bison,train/n02410509/n02410509_1380.jpg
bison,train/n02410509/n02410509_1381.jpg
bison,train/n02410509/n02410509_1388.jpg
bison,train/n02410509/n02410509_1390.jpg
bison,train/n02410509/n02410509_1391.jpg
bison,train/n02410509/n02410509_1393.jpg
bison,train/n02410509/n02410509_13955.jpg
bison,train/n02410509/n02410509_1397.jpg
bison,train/n02410509/n02410509_1399.jpg
bison,train/n02410509/n02410509_1400.jpg
bison,train/n02410509/n02410509_141.jpg
bison,train/n02410509/n02410509_1411.jpg
bison,train/n02410509/n02410509_14115.jpg
bison,train/n02410509/n02410509_1412.jpg
bison,train/n02410509/n02410509_1414.jpg
bison,train/n02410509/n02410509_1420.jpg
bison,train/n02410509/n02410509_1427.jpg
bison,train/n02410509/n02410509_14277.jpg
bison,train/n02410509/n02410509_1428.jpg
bison,train/n02410509/n02410509_14315.jpg
bison,train/n02410509/n02410509_144.jpg
bison,train/n02410509/n02410509_1446.jpg
bison,train/n02410509/n02410509_1460.jpg
bison,train/n02410509/n02410509_1461.jpg
bison,train/n02410509/n02410509_1464.jpg
bison,train/n02410509/n02410509_14658.jpg
bison,train/n02410509/n02410509_1467.jpg
bison,train/n02410509/n02410509_147.jpg
bison,train/n02410509/n02410509_14715.jpg
bison,train/n02410509/n02410509_1472.jpg
bison,train/n02410509/n02410509_1481.jpg
bison,train/n02410509/n02410509_14894.jpg
bison,train/n02410509/n02410509_1493.jpg
bison,train/n02410509/n02410509_15.jpg
bison,train/n02410509/n02410509_1509.jpg
bison,train/n02410509/n02410509_151.jpg
bison,train/n02410509/n02410509_1520.jpg
bison,train/n02410509/n02410509_1521.jpg
bison,train/n02410509/n02410509_1522.jpg
bison,train/n02410509/n02410509_1528.jpg
bison,train/n02410509/n02410509_153.jpg
bison,train/n02410509/n02410509_1537.jpg
bison,train/n02410509/n02410509_1538.jpg
bison,train/n02410509/n02410509_1540.jpg
bison,train/n02410509/n02410509_15403.jpg
bison,train/n02410509/n02410509_1542.jpg
bison,train/n02410509/n02410509_15499.jpg
bison,train/n02410509/n02410509_1552.jpg
bison,train/n02410509/n02410509_1558.jpg
bison,train/n02410509/n02410509_1560.jpg
bison,train/n02410509/n02410509_1562.jpg
bison,train/n02410509/n02410509_1565.jpg
bison,train/n02410509/n02410509_1566.jpg
bison,train/n02410509/n02410509_1570.jpg
bison,train/n02410509/n02410509_1576.jpg
bison,train/n02410509/n02410509_1584.jpg
bison,train/n02410509/n02410509_1586.jpg
bison,train/n02410509/n02410509_1587.jpg
bison,train/n02410509/n02410509_1588.jpg
bison,train/n02410509/n02410509_159.jpg
bison,train/n02410509/n02410509_1596.jpg
bison,train/n02410509/n02410509_1598.jpg
bison,train/n02410509/n02410509_1599.jpg
bison,train/n02410509/n02410509_16057.jpg
bison,train/n02410509/n02410509_1606.jpg
bison,train/n02410509/n02410509_1611.jpg
bison,train/n02410509/n02410509_16148.jpg
bison,train/n02410509/n02410509_1617.jpg
bison,train/n02410509/n02410509_1619.jpg
bison,train/n02410509/n02410509_1623.jpg
bison,train/n02410509/n02410509_1624.jpg
bison,train/n02410509/n02410509_1627.jpg
bison,train/n02410509/n02410509_1628.jpg
bison,train/n02410509/n02410509_1629.jpg
bison,train/n02410509/n02410509_163.jpg
bison,train/n02410509/n02410509_1632.jpg
bison,train/n02410509/n02410509_16492.jpg
bison,train/n02410509/n02410509_1654.jpg
bison,train/n02410509/n02410509_16543.jpg
bison,train/n02410509/n02410509_1658.jpg
bison,train/n02410509/n02410509_166.jpg
bison,train/n02410509/n02410509_1663.jpg
bison,train/n02410509/n02410509_16676.jpg
bison,train/n02410509/n02410509_1673.jpg
bison,train/n02410509/n02410509_1675.jpg
bison,train/n02410509/n02410509_16756.jpg
bison,train/n02410509/n02410509_1678.jpg
bison,train/n02410509/n02410509_1679.jpg
bison,train/n02410509/n02410509_1688.jpg
bison,train/n02410509/n02410509_1690.jpg
bison,train/n02410509/n02410509_1693.jpg
bison,train/n02410509/n02410509_1697.jpg
bison,train/n02410509/n02410509_17.jpg
bison,train/n02410509/n02410509_171.jpg
bison,train/n02410509/n02410509_1717.jpg
bison,train/n02410509/n02410509_172.jpg
bison,train/n02410509/n02410509_1726.jpg
bison,train/n02410509/n02410509_1729.jpg
bison,train/n02410509/n02410509_173.jpg
bison,train/n02410509/n02410509_1736.jpg
bison,train/n02410509/n02410509_17404.jpg
bison,train/n02410509/n02410509_17429.jpg
bison,train/n02410509/n02410509_1743.jpg
bison,train/n02410509/n02410509_1745.jpg
bison,train/n02410509/n02410509_1749.jpg
bison,train/n02410509/n02410509_1750.jpg
bison,train/n02410509/n02410509_1751.jpg
bison,train/n02410509/n02410509_1752.jpg
bison,train/n02410509/n02410509_1755.jpg
bison,train/n02410509/n02410509_176.jpg
bison,train/n02410509/n02410509_1768.jpg
bison,train/n02410509/n02410509_1773.jpg
bison,train/n02410509/n02410509_1775.jpg
bison,train/n02410509/n02410509_178.jpg
bison,train/n02410509/n02410509_1784.jpg
elephant,train/n02504458/n02504458_1000.jpg
elephant,train/n02504458/n02504458_10013.jpg
elephant,train/n02504458/n02504458_10050.jpg
elephant,train/n02504458/n02504458_10058.jpg
elephant,train/n02504458/n02504458_10086.jpg
elephant,train/n02504458/n02504458_10088.jpg
elephant,train/n02504458/n02504458_10100.jpg
elephant,train/n02504458/n02504458_10101.jpg
elephant,train/n02504458/n02504458_10112.jpg
elephant,train/n02504458/n02504458_10123.jpg
elephant,train/n02504458/n02504458_10160.jpg
elephant,train/n02504458/n02504458_1018.jpg
elephant,train/n02504458/n02504458_10188.jpg
elephant,train/n02504458/n02504458_1019.jpg
elephant,train/n02504458/n02504458_1022.jpg
elephant,train/n02504458/n02504458_1024.jpg
elephant,train/n02504458/n02504458_10243.jpg
elephant,train/n02504458/n02504458_10264.jpg
elephant,train/n02504458/n02504458_10284.jpg
elephant,train/n02504458/n02504458_10326.jpg
elephant,train/n02504458/n02504458_10332.jpg
elephant,train/n02504458/n02504458_10336.jpg
elephant,train/n02504458/n02504458_10344.jpg
elephant,train/n02504458/n02504458_1041.jpg
elephant,train/n02504458/n02504458_10428.jpg
elephant,train/n02504458/n02504458_10432.jpg
elephant,train/n02504458/n02504458_10439.jpg
elephant,train/n02504458/n02504458_10444.jpg
elephant,train/n02504458/n02504458_1051.jpg
elephant,train/n02504458/n02504458_10515.jpg
elephant,train/n02504458/n02504458_10554.jpg
elephant,train/n02504458/n02504458_1056.jpg
elephant,train/n02504458/n02504458_10591.jpg
elephant,train/n02504458/n02504458_1060.jpg
elephant,train/n02504458/n02504458_10603.jpg
elephant,train/n02504458/n02504458_10661.jpg
elephant,train/n02504458/n02504458_1067.jpg
elephant,train/n02504458/n02504458_1076.jpg
elephant,train/n02504458/n02504458_10811.jpg
elephant,train/n02504458/n02504458_10829.jpg
elephant,train/n02504458/n02504458_1085.jpg
elephant,train/n02504458/n02504458_10878.jpg
elephant,train/n02504458/n02504458_1092.jpg
elephant,train/n02504458/n02504458_10955.jpg
elephant,train/n02504458/n02504458_10997.jpg
elephant,train/n02504458/n02504458_11.jpg
elephant,train/n02504458/n02504458_1106.jpg
elephant,train/n02504458/n02504458_11077.jpg
elephant,train/n02504458/n02504458_11119.jpg
elephant,train/n02504458/n02504458_11130.jpg
elephant,train/n02504458/n02504458_11158.jpg
elephant,train/n02504458/n02504458_1117.jpg
elephant,train/n02504458/n02504458_11186.jpg
elephant,train/n02504458/n02504458_11214.jpg
elephant,train/n02504458/n02504458_11216.jpg
elephant,train/n02504458/n02504458_11258.jpg
elephant,train/n02504458/n02504458_11260.jpg
elephant,train/n02504458/n02504458_11265.jpg
elephant,train/n02504458/n02504458_1127.jpg
elephant,train/n02504458/n02504458_11270.jpg
elephant,train/n02504458/n02504458_11289.jpg
elephant,train/n02504458/n02504458_113.jpg
elephant,train/n02504458/n02504458_1131.jpg
elephant,train/n02504458/n02504458_11324.jpg
elephant,train/n02504458/n02504458_11345.jpg
elephant,train/n02504458/n02504458_11353.jpg
elephant,train/n02504458/n02504458_11363.jpg
elephant,train/n02504458/n02504458_1137.jpg
elephant,train/n02504458/n02504458_1138.jpg
elephant,train/n02504458/n02504458_11382.jpg
elephant,train/n02504458/n02504458_11383.jpg
elephant,train/n02504458/n02504458_1140.jpg
elephant,train/n02504458/n02504458_11484.jpg
elephant,train/n02504458/n02504458_11511.jpg
elephant,train/n02504458/n02504458_1153.jpg
elephant,train/n02504458/n02504458_1157.jpg
elephant,train/n02504458/n02504458_11596.jpg
elephant,train/n02504458/n02504458_11618.jpg
elephant,train/n02504458/n02504458_11683.jpg
elephant,train/n02504458/n02504458_1169.jpg
elephant,train/n02504458/n02504458_11693.jpg
elephant,train/n02504458/n02504458_117.jpg
elephant,train/n02504458/n02504458_11700.jpg
elephant,train/n02504458/n02504458_11734.jpg
elephant,train/n02504458/n02504458_11740.jpg
elephant,train/n02504458/n02504458_11772.jpg
elephant,train/n02504458/n02504458_11777.jpg
elephant,train/n02504458/n02504458_11785.jpg
elephant,train/n02504458/n02504458_1179.jpg
elephant,train/n02504458/n02504458_11860.jpg
elephant,train/n02504458/n02504458_11869.jpg
elephant,train/n02504458/n02504458_11884.jpg
elephant,train/n02504458/n02504458_1190.jpg
elephant,train/n02504458/n02504458_11933.jpg
elephant,train/n02504458/n02504458_11949.jpg
elephant,train/n02504458/n02504458_11961.jpg
elephant,train/n02504458/n02504458_1197.jpg
elephant,train/n02504458/n02504458_12000.jpg
elephant,train/n02504458/n02504458_12018.jpg
elephant,train/n02504458/n02504458_1204.jpg
elephant,train/n02504458/n02504458_12074.jpg
elephant,train/n02504458/n02504458_12090.jpg
elephant,train/n02504458/n02504458_12092.jpg
elephant,train/n02504458/n02504458_12095.jpg
elephant,train/n02504458/n02504458_1210.jpg
elephant,train/n02504458/n02504458_12101.jpg
elephant,train/n02504458/n02504458_1211.jpg
elephant,train/n02504458/n02504458_12145.jpg
elephant,train/n02504458/n02504458_12165.jpg
elephant,train/n02504458/n02504458_12166.jpg
elephant,train/n02504458/n02504458_12175.jpg
elephant,train/n02504458/n02504458_1218.jpg
elephant,train/n02504458/n02504458_12191.jpg
elephant,train/n02504458/n02504458_12217.jpg
elephant,train/n02504458/n02504458_1223.jpg
elephant,train/n02504458/n02504458_12234.jpg
elephant,train/n02504458/n02504458_12239.jpg
elephant,train/n02504458/n02504458_12303.jpg
elephant,train/n02504458/n02504458_1231.jpg
elephant,train/n02504458/n02504458_1233.jpg
elephant,train/n02504458/n02504458_12342.jpg
elephant,train/n02504458/n02504458_12352.jpg
elephant,train/n02504458/n02504458_12365.jpg
elephant,train/n02504458/n02504458_12368.jpg
elephant,train/n02504458/n02504458_12374.jpg
elephant,train/n02504458/n02504458_1241.jpg
elephant,train/n02504458/n02504458_12439.jpg
elephant,train/n02504458/n02504458_12449.jpg
elephant,train/n02504458/n02504458_1248.jpg
elephant,train/n02504458/n02504458_1249.jpg
elephant,train/n02504458/n02504458_1254.jpg
elephant,train/n02504458/n02504458_12555.jpg
elephant,train/n02504458/n02504458_12576.jpg
elephant,train/n02504458/n02504458_12578.jpg
elephant,train/n02504458/n02504458_12582.jpg
elephant,train/n02504458/n02504458_12586.jpg
elephant,train/n02504458/n02504458_12595.jpg
elephant,train/n02504458/n02504458_12650.jpg
elephant,train/n02504458/n02504458_1266.jpg
elephant,train/n02504458/n02504458_12705.jpg
elephant,train/n02504458/n02504458_1271.jpg
elephant,train/n02504458/n02504458_12714.jpg
elephant,train/n02504458/n02504458_12733.jpg
elephant,train/n02504458/n02504458_12776.jpg
elephant,train/n02504458/n02504458_12777.jpg
elephant,train/n02504458/n02504458_1282.jpg
elephant,train/n02504458/n02504458_1283.jpg
elephant,train/n02504458/n02504458_12855.jpg
elephant,train/n02504458/n02504458_1291.jpg
elephant,train/n02504458/n02504458_12927.jpg
elephant,train/n02504458/n02504458_12938.jpg
elephant,train/n02504458/n02504458_12945.jpg
elephant,train/n02504458/n02504458_130.jpg
elephant,train/n02504458/n02504458_1302.jpg
elephant,train/n02504458/n02504458_1304.jpg
elephant,train/n02504458/n02504458_13100.jpg
elephant,train/n02504458/n02504458_1312.jpg
elephant,train/n02504458/n02504458_13179.jpg
elephant,train/n02504458/n02504458_13186.jpg
elephant,train/n02504458/n02504458_1323.jpg
elephant,train/n02504458/n02504458_13245.jpg
elephant,train/n02504458/n02504458_1327.jpg
elephant,train/n02504458/n02504458_1328.jpg
elephant,train/n02504458/n02504458_13293.jpg
elephant,train/n02504458/n02504458_133.jpg
elephant,train/n02504458/n02504458_13310.jpg
elephant,train/n02504458/n02504458_1333.jpg
elephant,train/n02504458/n02504458_13352.jpg
elephant,train/n02504458/n02504458_13354.jpg
elephant,train/n02504458/n02504458_13358.jpg
elephant,train/n02504458/n02504458_1336.jpg
elephant,train/n02504458/n02504458_1338.jpg
elephant,train/n02504458/n02504458_13382.jpg
elephant,train/n02504458/n02504458_13406.jpg
elephant,train/n02504458/n02504458_13409.jpg
elephant,train/n02504458/n02504458_1343.jpg
elephant,train/n02504458/n02504458_1347.jpg
elephant,train/n02504458/n02504458_1348.jpg
elephant,train/n02504458/n02504458_1351.jpg
elephant,train/n02504458/n02504458_13563.jpg
elephant,train/n02504458/n02504458_1357.jpg
elephant,train/n02504458/n02504458_13583.jpg
elephant,train/n02504458/n02504458_137.jpg
elephant,train/n02504458/n02504458_1377.jpg
elephant,train/n02504458/n02504458_1383.jpg
elephant,train/n02504458/n02504458_13887.jpg
elephant,train/n02504458/n02504458_1394.jpg
elephant,train/n02504458/n02504458_1399.jpg
elephant,train/n02504458/n02504458_1404.jpg
elephant,train/n02504458/n02504458_14071.jpg
elephant,train/n02504458/n02504458_1410.jpg
elephant,train/n02504458/n02504458_1414.jpg
elephant,train/n02504458/n02504458_1424.jpg
elephant,train/n02504458/n02504458_1428.jpg
elephant,train/n02504458/n02504458_143.jpg
elephant,train/n02504458/n02504458_14308.jpg
elephant,train/n02504458/n02504458_1431.jpg
elephant,train/n02504458/n02504458_14316.jpg
elephant,train/n02504458/n02504458_14368.jpg
elephant,train/n02504458/n02504458_1439.jpg
elephant,train/n02504458/n02504458_1441.jpg
elephant,train/n02504458/n02504458_1445.jpg
elephant,train/n02504458/n02504458_14537.jpg
elephant,train/n02504458/n02504458_146.jpg
elephant,train/n02504458/n02504458_1464.jpg
elephant,train/n02504458/n02504458_1471.jpg
elephant,train/n02504458/n02504458_1473.jpg
elephant,train/n02504458/n02504458_1489.jpg
elephant,train/n02504458/n02504458_1496.jpg
elephant,train/n02504458/n02504458_150.jpg
elephant,train/n02504458/n02504458_1502.jpg
elephant,train/n02504458/n02504458_1504.jpg
elephant,train/n02504458/n02504458_1505.jpg
elephant,train/n02504458/n02504458_1506.jpg
elephant,train/n02504458/n02504458_151.jpg
elephant,train/n02504458/n02504458_1512.jpg
elephant,train/n02504458/n02504458_1519.jpg
elephant,train/n02504458/n02504458_1521.jpg
elephant,train/n02504458/n02504458_155.jpg
elephant,train/n02504458/n02504458_1563.jpg
elephant,train/n02504458/n02504458_1564.jpg
elephant,train/n02504458/n02504458_1567.jpg
elephant,train/n02504458/n02504458_1575.jpg
elephant,train/n02504458/n02504458_1581.jpg
elephant,train/n02504458/n02504458_1589.jpg
elephant,train/n02504458/n02504458_1596.jpg
elephant,train/n02504458/n02504458_1600.jpg
elephant,train/n02504458/n02504458_1604.jpg
elephant,train/n02504458/n02504458_1614.jpg
elephant,train/n02504458/n02504458_1617.jpg
elephant,train/n02504458/n02504458_1623.jpg
elephant,train/n02504458/n02504458_1626.jpg
elephant,train/n02504458/n02504458_1628.jpg
elephant,train/n02504458/n02504458_1636.jpg
elephant,train/n02504458/n02504458_1644.jpg
elephant,train/n02504458/n02504458_1652.jpg
elephant,train/n02504458/n02504458_1661.jpg
elephant,train/n02504458/n02504458_1669.jpg
elephant,train/n02504458/n02504458_1680.jpg
elephant,train/n02504458/n02504458_169.jpg
elephant,train/n02504458/n02504458_1693.jpg
elephant,train/n02504458/n02504458_1698.jpg
elephant,train/n02504458/n02504458_1701.jpg
elephant,train/n02504458/n02504458_1705.jpg
elephant,train/n02504458/n02504458_1712.jpg
elephant,train/n02504458/n02504458_1715.jpg
elephant,train/n02504458/n02504458_1716.jpg
elephant,train/n02504458/n02504458_1719.jpg
elephant,train/n02504458/n02504458_1726.jpg
elephant,train/n02504458/n02504458_1727.jpg
elephant,train/n02504458/n02504458_1735.jpg
elephant,train/n02504458/n02504458_174.jpg
elephant,train/n02504458/n02504458_1773.jpg
elephant,train/n02504458/n02504458_1790.jpg
elephant,train/n02504458/n02504458_1803.jpg
elephant,train/n02504458/n02504458_1816.jpg
hare,train/n02326432/n02326432_10017.jpg
hare,train/n02326432/n02326432_10062.jpg
hare,train/n02326432/n02326432_10108.jpg
hare,train/n02326432/n02326432_10124.jpg
hare,train/n02326432/n02326432_10132.jpg
hare,train/n02326432/n02326432_10153.jpg
hare,train/n02326432/n02326432_10157.jpg
hare,train/n02326432/n02326432_10162.jpg
hare,train/n02326432/n02326432_10170.jpg
hare,train/n02326432/n02326432_1018.jpg
hare,train/n02326432/n02326432_10229.jpg
hare,train/n02326432/n02326432_10238.jpg
hare,train/n02326432/n02326432_10241.jpg
hare,train/n02326432/n02326432_10247.jpg
hare,train/n02326432/n02326432_10256.jpg
hare,train/n02326432/n02326432_10272.jpg
hare,train/n02326432/n02326432_10281.jpg
hare,train/n02326432/n02326432_10299.jpg
hare,train/n02326432/n02326432_10354.jpg
hare,train/n02326432/n02326432_10355.jpg
hare,train/n02326432/n02326432_10366.jpg
hare,train/n02326432/n02326432_10367.jpg
hare,train/n02326432/n02326432_10374.jpg
hare,train/n02326432/n02326432_1039.jpg
hare,train/n02326432/n02326432_10402.jpg
hare,train/n02326432/n02326432_10412.jpg
hare,train/n02326432/n02326432_10454.jpg
hare,train/n02326432/n02326432_10455.jpg
hare,train/n02326432/n02326432_10459.jpg
hare,train/n02326432/n02326432_10468.jpg
hare,train/n02326432/n02326432_10469.jpg
hare,train/n02326432/n02326432_10504.jpg
hare,train/n02326432/n02326432_10513.jpg
hare,train/n02326432/n02326432_10527.jpg
hare,train/n02326432/n02326432_10572.jpg
hare,train/n02326432/n02326432_10573.jpg
hare,train/n02326432/n02326432_10614.jpg
hare,train/n02326432/n02326432_10617.jpg
hare,train/n02326432/n02326432_10626.jpg
hare,train/n02326432/n02326432_10638.jpg
hare,train/n02326432/n02326432_10714.jpg
hare,train/n02326432/n02326432_10720.jpg
hare,train/n02326432/n02326432_10726.jpg
hare,train/n02326432/n02326432_10739.jpg
hare,train/n02326432/n02326432_1075.jpg
hare,train/n02326432/n02326432_108.jpg
hare,train/n02326432/n02326432_1084.jpg
hare,train/n02326432/n02326432_10841.jpg
hare,train/n02326432/n02326432_10843.jpg
hare,train/n02326432/n02326432_10883.jpg
hare,train/n02326432/n02326432_10918.jpg
hare,train/n02326432/n02326432_10947.jpg
hare,train/n02326432/n02326432_10949.jpg
hare,train/n02326432/n02326432_10961.jpg
hare,train/n02326432/n02326432_10966.jpg
hare,train/n02326432/n02326432_10984.jpg
hare,train/n02326432/n02326432_10993.jpg
hare,train/n02326432/n02326432_11047.jpg
hare,train/n02326432/n02326432_11055.jpg
hare,train/n02326432/n02326432_11078.jpg
hare,train/n02326432/n02326432_11095.jpg
hare,train/n02326432/n02326432_11097.jpg
hare,train/n02326432/n02326432_11127.jpg
hare,train/n02326432/n02326432_1114.jpg
hare,train/n02326432/n02326432_11158.jpg
hare,train/n02326432/n02326432_11160.jpg
hare,train/n02326432/n02326432_11179.jpg
hare,train/n02326432/n02326432_11192.jpg
hare,train/n02326432/n02326432_11201.jpg
hare,train/n02326432/n02326432_11213.jpg
hare,train/n02326432/n02326432_11217.jpg
hare,train/n02326432/n02326432_11220.jpg
hare,train/n02326432/n02326432_11222.jpg
hare,train/n02326432/n02326432_11231.jpg
hare,train/n02326432/n02326432_11236.jpg
hare,train/n02326432/n02326432_11237.jpg
hare,train/n02326432/n02326432_11265.jpg
hare,train/n02326432/n02326432_11272.jpg
hare,train/n02326432/n02326432_11291.jpg
hare,train/n02326432/n02326432_11311.jpg
hare,train/n02326432/n02326432_1138.jpg
hare,train/n02326432/n02326432_1139.jpg
hare,train/n02326432/n02326432_11399.jpg
hare,train/n02326432/n02326432_1140.jpg
hare,train/n02326432/n02326432_11407.jpg
hare,train/n02326432/n02326432_11422.jpg
hare,train/n02326432/n02326432_11436.jpg
hare,train/n02326432/n02326432_11442.jpg
hare,train/n02326432/n02326432_11475.jpg
hare,train/n02326432/n02326432_11505.jpg
hare,train/n02326432/n02326432_1152.jpg
hare,train/n02326432/n02326432_11549.jpg
hare,train/n02326432/n02326432_11554.jpg
hare,train/n02326432/n02326432_11557.jpg
hare,train/n02326432/n02326432_11600.jpg
hare,train/n02326432/n02326432_11607.jpg
hare,train/n02326432/n02326432_11644.jpg
hare,train/n02326432/n02326432_11646.jpg
hare,train/n02326432/n02326432_11676.jpg
hare,train/n02326432/n02326432_11809.jpg
hare,train/n02326432/n02326432_1187.jpg
hare,train/n02326432/n02326432_11876.jpg
hare,train/n02326432/n02326432_11891.jpg
hare,train/n02326432/n02326432_11902.jpg
hare,train/n02326432/n02326432_11905.jpg
hare,train/n02326432/n02326432_11932.jpg
hare,train/n02326432/n02326432_11934.jpg
hare,train/n02326432/n02326432_11936.jpg
hare,train/n02326432/n02326432_11968.jpg
hare,train/n02326432/n02326432_11988.jpg
hare,train/n02326432/n02326432_11994.jpg
hare,train/n02326432/n02326432_12007.jpg
hare,train/n02326432/n02326432_12023.jpg
hare,train/n02326432/n02326432_12025.jpg
hare,train/n02326432/n02326432_12033.jpg
hare,train/n02326432/n02326432_12067.jpg
hare,train/n02326432/n02326432_12074.jpg
hare,train/n02326432/n02326432_12092.jpg
hare,train/n02326432/n02326432_12105.jpg
hare,train/n02326432/n02326432_12108.jpg
hare,train/n02326432/n02326432_12110.jpg
hare,train/n02326432/n02326432_12120.jpg
hare,train/n02326432/n02326432_12148.jpg
hare,train/n02326432/n02326432_122.jpg
hare,train/n02326432/n02326432_12208.jpg
hare,train/n02326432/n02326432_1222.jpg
hare,train/n02326432/n02326432_12236.jpg
hare,train/n02326432/n02326432_12270.jpg
hare,train/n02326432/n02326432_12304.jpg
hare,train/n02326432/n02326432_12312.jpg
hare,train/n02326432/n02326432_12313.jpg
hare,train/n02326432/n02326432_12319.jpg
hare,train/n02326432/n02326432_12323.jpg
hare,train/n02326432/n02326432_12324.jpg
hare,train/n02326432/n02326432_12339.jpg
hare,train/n02326432/n02326432_12366.jpg
hare,train/n02326432/n02326432_12368.jpg
hare,train/n02326432/n02326432_1237.jpg
hare,train/n02326432/n02326432_12377.jpg
hare,train/n02326432/n02326432_1238.jpg
hare,train/n02326432/n02326432_12400.jpg
hare,train/n02326432/n02326432_1245.jpg
hare,train/n02326432/n02326432_12450.jpg
hare,train/n02326432/n02326432_12461.jpg
hare,train/n02326432/n02326432_12510.jpg
hare,train/n02326432/n02326432_12525.jpg
hare,train/n02326432/n02326432_12555.jpg
hare,train/n02326432/n02326432_12556.jpg
hare,train/n02326432/n02326432_12568.jpg
hare,train/n02326432/n02326432_12570.jpg
hare,train/n02326432/n02326432_12572.jpg
hare,train/n02326432/n02326432_12579.jpg
hare,train/n02326432/n02326432_12595.jpg
hare,train/n02326432/n02326432_1261.jpg
hare,train/n02326432/n02326432_12616.jpg
hare,train/n02326432/n02326432_12648.jpg
hare,train/n02326432/n02326432_12702.jpg
hare,train/n02326432/n02326432_12706.jpg
hare,train/n02326432/n02326432_12737.jpg
hare,train/n02326432/n02326432_12785.jpg
hare,train/n02326432/n02326432_1284.jpg
hare,train/n02326432/n02326432_12842.jpg
hare,train/n02326432/n02326432_12892.jpg
hare,train/n02326432/n02326432_12943.jpg
hare,train/n02326432/n02326432_12988.jpg
hare,train/n02326432/n02326432_12992.jpg
hare,train/n02326432/n02326432_13013.jpg
hare,train/n02326432/n02326432_13030.jpg
hare,train/n02326432/n02326432_13032.jpg
hare,train/n02326432/n02326432_1304.jpg
hare,train/n02326432/n02326432_13052.jpg
hare,train/n02326432/n02326432_13112.jpg
hare,train/n02326432/n02326432_13121.jpg
hare,train/n02326432/n02326432_13129.jpg
hare,train/n02326432/n02326432_13177.jpg
hare,train/n02326432/n02326432_13181.jpg
hare,train/n02326432/n02326432_13184.jpg
hare,train/n02326432/n02326432_13227.jpg
hare,train/n02326432/n02326432_13230.jpg
hare,train/n02326432/n02326432_13235.jpg
hare,train/n02326432/n02326432_13278.jpg
hare,train/n02326432/n02326432_13295.jpg
hare,train/n02326432/n02326432_13305.jpg
hare,train/n02326432/n02326432_1336.jpg
hare,train/n02326432/n02326432_13360.jpg
hare,train/n02326432/n02326432_13418.jpg
hare,train/n02326432/n02326432_13424.jpg
hare,train/n02326432/n02326432_13429.jpg
hare,train/n02326432/n02326432_135.jpg
hare,train/n02326432/n02326432_13504.jpg
hare,train/n02326432/n02326432_13540.jpg
hare,train/n02326432/n02326432_13548.jpg
hare,train/n02326432/n02326432_13581.jpg
hare,train/n02326432/n02326432_13587.jpg
hare,train/n02326432/n02326432_13598.jpg
hare,train/n02326432/n02326432_13643.jpg
hare,train/n02326432/n02326432_13665.jpg
hare,train/n02326432/n02326432_13692.jpg
hare,train/n02326432/n02326432_13702.jpg
hare,train/n02326432/n02326432_1373.jpg
hare,train/n02326432/n02326432_13744.jpg
hare,train/n02326432/n02326432_13766.jpg
hare,train/n02326432/n02326432_13774.jpg
hare,train/n02326432/n02326432_13787.jpg
hare,train/n02326432/n02326432_13793.jpg
hare,train/n02326432/n02326432_13812.jpg
hare,train/n02326432/n02326432_1384.jpg
hare,train/n02326432/n02326432_13848.jpg
hare,train/n02326432/n02326432_13920.jpg
hare,train/n02326432/n02326432_13947.jpg
hare,train/n02326432/n02326432_13962.jpg
hare,train/n02326432/n02326432_13971.jpg
hare,train/n02326432/n02326432_1398.jpg
hare,train/n02326432/n02326432_13985.jpg
hare,train/n02326432/n02326432_13993.jpg
hare,train/n02326432/n02326432_14013.jpg
hare,train/n02326432/n02326432_14036.jpg
hare,train/n02326432/n02326432_14043.jpg
hare,train/n02326432/n02326432_14049.jpg
hare,train/n02326432/n02326432_14063.jpg
hare,train/n02326432/n02326432_14074.jpg
hare,train/n02326432/n02326432_14079.jpg
hare,train/n02326432/n02326432_14090.jpg
hare,train/n02326432/n02326432_14092.jpg
hare,train/n02326432/n02326432_14097.jpg
hare,train/n02326432/n02326432_14099.jpg
hare,train/n02326432/n02326432_14118.jpg
hare,train/n02326432/n02326432_14128.jpg
hare,train/n02326432/n02326432_14154.jpg
hare,train/n02326432/n02326432_14159.jpg
hare,train/n02326432/n02326432_1418.jpg
hare,train/n02326432/n02326432_14210.jpg
hare,train/n02326432/n02326432_14217.jpg
hare,train/n02326432/n02326432_14220.jpg
hare,train/n02326432/n02326432_14224.jpg
hare,train/n02326432/n02326432_14234.jpg
hare,train/n02326432/n02326432_14250.jpg
hare,train/n02326432/n02326432_14253.jpg
hare,train/n02326432/n02326432_1428.jpg
hare,train/n02326432/n02326432_14280.jpg
hare,train/n02326432/n02326432_14324.jpg
hare,train/n02326432/n02326432_14370.jpg
hare,train/n02326432/n02326432_14392.jpg
hare,train/n02326432/n02326432_14399.jpg
hare,train/n02326432/n02326432_14401.jpg
hare,train/n02326432/n02326432_14422.jpg
hare,train/n02326432/n02326432_14424.jpg
hare,train/n02326432/n02326432_1444.jpg
hare,train/n02326432/n02326432_14485.jpg
hare,train/n02326432/n02326432_14563.jpg
hare,train/n02326432/n02326432_14564.jpg
hare,train/n02326432/n02326432_14566.jpg
hare,train/n02326432/n02326432_14582.jpg
hare,train/n02326432/n02326432_14594.jpg
hare,train/n02326432/n02326432_14616.jpg
hare,train/n02326432/n02326432_14655.jpg
jeep,train/n03594945/n03594945_1000.jpg
jeep,train/n03594945/n03594945_1003.jpg
jeep,train/n03594945/n03594945_10041.jpg
jeep,train/n03594945/n03594945_10073.jpg
jeep,train/n03594945/n03594945_1012.jpg
jeep,train/n03594945/n03594945_1015.jpg
jeep,train/n03594945/n03594945_10253.jpg
jeep,train/n03594945/n03594945_10293.jpg
jeep,train/n03594945/n03594945_10352.jpg
jeep,train/n03594945/n03594945_10415.jpg
jeep,train/n03594945/n03594945_10469.jpg
jeep,train/n03594945/n03594945_10474.jpg
jeep,train/n03594945/n03594945_1048.jpg
jeep,train/n03594945/n03594945_10609.jpg
jeep,train/n03594945/n03594945_10633.jpg
jeep,train/n03594945/n03594945_10642.jpg
jeep,train/n03594945/n03594945_10688.jpg
jeep,train/n03594945/n03594945_1072.jpg
jeep,train/n03594945/n03594945_10751.jpg
jeep,train/n03594945/n03594945_10812.jpg
jeep,train/n03594945/n03594945_10849.jpg
jeep,train/n03594945/n03594945_10851.jpg
jeep,train/n03594945/n03594945_10903.jpg
jeep,train/n03594945/n03594945_10905.jpg
jeep,train/n03594945/n03594945_10930.jpg
jeep,train/n03594945/n03594945_11021.jpg
jeep,train/n03594945/n03594945_11083.jpg
jeep,train/n03594945/n03594945_11102.jpg
jeep,train/n03594945/n03594945_11129.jpg
jeep,train/n03594945/n03594945_11154.jpg
jeep,train/n03594945/n03594945_11186.jpg
jeep,train/n03594945/n03594945_11188.jpg
jeep,train/n03594945/n03594945_1121.jpg
jeep,train/n03594945/n03594945_11284.jpg
jeep,train/n03594945/n03594945_1129.jpg
jeep,train/n03594945/n03594945_11312.jpg
jeep,train/n03594945/n03594945_11321.jpg
jeep,train/n03594945/n03594945_11332.jpg
jeep,train/n03594945/n03594945_11341.jpg
jeep,train/n03594945/n03594945_11376.jpg
jeep,train/n03594945/n03594945_11396.jpg
jeep,train/n03594945/n03594945_11421.jpg
jeep,train/n03594945/n03594945_11422.jpg
jeep,train/n03594945/n03594945_11429.jpg
jeep,train/n03594945/n03594945_11445.jpg
jeep,train/n03594945/n03594945_1148.jpg
jeep,train/n03594945/n03594945_11511.jpg
jeep,train/n03594945/n03594945_11522.jpg
jeep,train/n03594945/n03594945_11542.jpg
jeep,train/n03594945/n03594945_11563.jpg
jeep,train/n03594945/n03594945_11578.jpg
jeep,train/n03594945/n03594945_11624.jpg
jeep,train/n03594945/n03594945_1163.jpg
jeep,train/n03594945/n03594945_11637.jpg
jeep,train/n03594945/n03594945_11641.jpg
jeep,train/n03594945/n03594945_11645.jpg
jeep,train/n03594945/n03594945_11669.jpg
jeep,train/n03594945/n03594945_11676.jpg
jeep,train/n03594945/n03594945_11681.jpg
jeep,train/n03594945/n03594945_11684.jpg
jeep,train/n03594945/n03594945_11688.jpg
jeep,train/n03594945/n03594945_1169.jpg
jeep,train/n03594945/n03594945_11699.jpg
jeep,train/n03594945/n03594945_11709.jpg
jeep,train/n03594945/n03594945_11731.jpg
jeep,train/n03594945/n03594945_11754.jpg
jeep,train/n03594945/n03594945_11773.jpg
jeep,train/n03594945/n03594945_11783.jpg
jeep,train/n03594945/n03594945_11806.jpg
jeep,train/n03594945/n03594945_11813.jpg
jeep,train/n03594945/n03594945_11825.jpg
jeep,train/n03594945/n03594945_11846.jpg
jeep,train/n03594945/n03594945_11862.jpg
jeep,train/n03594945/n03594945_11869.jpg
jeep,train/n03594945/n03594945_11877.jpg
jeep,train/n03594945/n03594945_11911.jpg
jeep,train/n03594945/n03594945_11936.jpg
jeep,train/n03594945/n03594945_11943.jpg
jeep,train/n03594945/n03594945_11993.jpg
jeep,train/n03594945/n03594945_11994.jpg
jeep,train/n03594945/n03594945_11997.jpg
jeep,train/n03594945/n03594945_12001.jpg
jeep,train/n03594945/n03594945_12018.jpg
jeep,train/n03594945/n03594945_12060.jpg
jeep,train/n03594945/n03594945_12093.jpg
jeep,train/n03594945/n03594945_12128.jpg
jeep,train/n03594945/n03594945_12144.jpg
jeep,train/n03594945/n03594945_12148.jpg
jeep,train/n03594945/n03594945_12188.jpg
jeep,train/n03594945/n03594945_12191.jpg
jeep,train/n03594945/n03594945_12239.jpg
jeep,train/n03594945/n03594945_12273.jpg
jeep,train/n03594945/n03594945_12277.jpg
jeep,train/n03594945/n03594945_12279.jpg
jeep,train/n03594945/n03594945_12281.jpg
jeep,train/n03594945/n03594945_12283.jpg
jeep,train/n03594945/n03594945_12286.jpg
jeep,train/n03594945/n03594945_12330.jpg
jeep,train/n03594945/n03594945_12365.jpg
jeep,train/n03594945/n03594945_12372.jpg
jeep,train/n03594945/n03594945_12389.jpg
jeep,train/n03594945/n03594945_12404.jpg
jeep,train/n03594945/n03594945_12454.jpg
jeep,train/n03594945/n03594945_12458.jpg
jeep,train/n03594945/n03594945_12460.jpg
jeep,train/n03594945/n03594945_12511.jpg
jeep,train/n03594945/n03594945_12520.jpg
jeep,train/n03594945/n03594945_1254.jpg
jeep,train/n03594945/n03594945_12541.jpg
jeep,train/n03594945/n03594945_12565.jpg
jeep,train/n03594945/n03594945_12579.jpg
jeep,train/n03594945/n03594945_12584.jpg
jeep,train/n03594945/n03594945_12596.jpg
jeep,train/n03594945/n03594945_12603.jpg
jeep,train/n03594945/n03594945_12611.jpg
jeep,train/n03594945/n03594945_12614.jpg
jeep,train/n03594945/n03594945_12617.jpg
jeep,train/n03594945/n03594945_12636.jpg
jeep,train/n03594945/n03594945_12642.jpg
jeep,train/n03594945/n03594945_12644.jpg
jeep,train/n03594945/n03594945_1265.jpg
jeep,train/n03594945/n03594945_12658.jpg
jeep,train/n03594945/n03594945_12697.jpg
jeep,train/n03594945/n03594945_12702.jpg
jeep,train/n03594945/n03594945_12726.jpg
jeep,train/n03594945/n03594945_12790.jpg
jeep,train/n03594945/n03594945_12799.jpg
jeep,train/n03594945/n03594945_128.jpg
jeep,train/n03594945/n03594945_12838.jpg
jeep,train/n03594945/n03594945_12857.jpg
jeep,train/n03594945/n03594945_12864.jpg
jeep,train/n03594945/n03594945_12872.jpg
jeep,train/n03594945/n03594945_12877.jpg
jeep,train/n03594945/n03594945_12889.jpg
jeep,train/n03594945/n03594945_12896.jpg
jeep,train/n03594945/n03594945_12901.jpg
jeep,train/n03594945/n03594945_12907.jpg
jeep,train/n03594945/n03594945_12938.jpg
jeep,train/n03594945/n03594945_12967.jpg
jeep,train/n03594945/n03594945_12972.jpg
jeep,train/n03594945/n03594945_13000.jpg
jeep,train/n03594945/n03594945_13008.jpg
jeep,train/n03594945/n03594945_13027.jpg
jeep,train/n03594945/n03594945_13111.jpg
jeep,train/n03594945/n03594945_13149.jpg
jeep,train/n03594945/n03594945_13156.jpg
jeep,train/n03594945/n03594945_13164.jpg
jeep,train/n03594945/n03594945_13189.jpg
jeep,train/n03594945/n03594945_13201.jpg
jeep,train/n03594945/n03594945_13218.jpg
jeep,train/n03594945/n03594945_13232.jpg
jeep,train/n03594945/n03594945_13233.jpg
jeep,train/n03594945/n03594945_13236.jpg
jeep,train/n03594945/n03594945_13255.jpg
jeep,train/n03594945/n03594945_13257.jpg
jeep,train/n03594945/n03594945_13276.jpg
jeep,train/n03594945/n03594945_13308.jpg
jeep,train/n03594945/n03594945_13329.jpg
jeep,train/n03594945/n03594945_13348.jpg
jeep,train/n03594945/n03594945_13356.jpg
jeep,train/n03594945/n03594945_13359.jpg
jeep,train/n03594945/n03594945_13378.jpg
jeep,train/n03594945/n03594945_13386.jpg
jeep,train/n03594945/n03594945_1339.jpg
jeep,train/n03594945/n03594945_13393.jpg
jeep,train/n03594945/n03594945_13395.jpg
jeep,train/n03594945/n03594945_13453.jpg
jeep,train/n03594945/n03594945_1346.jpg
jeep,train/n03594945/n03594945_13462.jpg
jeep,train/n03594945/n03594945_13478.jpg
jeep,train/n03594945/n03594945_13494.jpg
jeep,train/n03594945/n03594945_13500.jpg
jeep,train/n03594945/n03594945_13554.jpg
jeep,train/n03594945/n03594945_1358.jpg
jeep,train/n03594945/n03594945_13583.jpg
jeep,train/n03594945/n03594945_13584.jpg
jeep,train/n03594945/n03594945_13594.jpg
jeep,train/n03594945/n03594945_13599.jpg
jeep,train/n03594945/n03594945_1360.jpg
jeep,train/n03594945/n03594945_13609.jpg
jeep,train/n03594945/n03594945_13628.jpg
jeep,train/n03594945/n03594945_13629.jpg
jeep,train/n03594945/n03594945_13655.jpg
jeep,train/n03594945/n03594945_13667.jpg
jeep,train/n03594945/n03594945_13697.jpg
jeep,train/n03594945/n03594945_13707.jpg
jeep,train/n03594945/n03594945_13747.jpg
jeep,train/n03594945/n03594945_1376.jpg
jeep,train/n03594945/n03594945_13763.jpg
jeep,train/n03594945/n03594945_13806.jpg
jeep,train/n03594945/n03594945_13822.jpg
jeep,train/n03594945/n03594945_13837.jpg
jeep,train/n03594945/n03594945_13855.jpg
jeep,train/n03594945/n03594945_13879.jpg
jeep,train/n03594945/n03594945_13903.jpg
jeep,train/n03594945/n03594945_13917.jpg
jeep,train/n03594945/n03594945_13957.jpg
jeep,train/n03594945/n03594945_13960.jpg
jeep,train/n03594945/n03594945_13972.jpg
jeep,train/n03594945/n03594945_13999.jpg
jeep,train/n03594945/n03594945_14014.jpg
jeep,train/n03594945/n03594945_14024.jpg
jeep,train/n03594945/n03594945_14027.jpg
jeep,train/n03594945/n03594945_14040.jpg
jeep,train/n03594945/n03594945_14047.jpg
jeep,train/n03594945/n03594945_14097.jpg
jeep,train/n03594945/n03594945_1410.jpg
jeep,train/n03594945/n03594945_14107.jpg
jeep,train/n03594945/n03594945_14153.jpg
jeep,train/n03594945/n03594945_14154.jpg
jeep,train/n03594945/n03594945_14166.jpg
jeep,train/n03594945/n03594945_14171.jpg
jeep,train/n03594945/n03594945_14179.jpg
jeep,train/n03594945/n03594945_14221.jpg
jeep,train/n03594945/n03594945_14269.jpg
jeep,train/n03594945/n03594945_14276.jpg
jeep,train/n03594945/n03594945_14285.jpg
jeep,train/n03594945/n03594945_1429.jpg
jeep,train/n03594945/n03594945_14326.jpg
jeep,train/n03594945/n03594945_14386.jpg
jeep,train/n03594945/n03594945_14450.jpg
jeep,train/n03594945/n03594945_1447.jpg
jeep,train/n03594945/n03594945_14476.jpg
jeep,train/n03594945/n03594945_14477.jpg
jeep,train/n03594945/n03594945_14488.jpg
jeep,train/n03594945/n03594945_14496.jpg
jeep,train/n03594945/n03594945_14499.jpg
jeep,train/n03594945/n03594945_14517.jpg
jeep,train/n03594945/n03594945_14542.jpg
jeep,train/n03594945/n03594945_14591.jpg
jeep,train/n03594945/n03594945_14596.jpg
jeep,train/n03594945/n03594945_14612.jpg
jeep,train/n03594945/n03594945_14617.jpg
jeep,train/n03594945/n03594945_14631.jpg
jeep,train/n03594945/n03594945_14654.jpg
jeep,train/n03594945/n03594945_14673.jpg
jeep,train/n03594945/n03594945_14679.jpg
jeep,train/n03594945/n03594945_14684.jpg
jeep,train/n03594945/n03594945_14710.jpg
jeep,train/n03594945/n03594945_14728.jpg
jeep,train/n03594945/n03594945_14740.jpg
jeep,train/n03594945/n03594945_14773.jpg
jeep,train/n03594945/n03594945_14798.jpg
jeep,train/n03594945/n03594945_14811.jpg
jeep,train/n03594945/n03594945_14827.jpg
jeep,train/n03594945/n03594945_14856.jpg
jeep,train/n03594945/n03594945_14870.jpg
jeep,train/n03594945/n03594945_14885.jpg
jeep,train/n03594945/n03594945_14886.jpg
jeep,train/n03594945/n03594945_14888.jpg
jeep,train/n03594945/n03594945_14976.jpg
jeep,train/n03594945/n03594945_15026.jpg
jeep,train/n03594945/n03594945_15027.jpg
jeep,train/n03594945/n03594945_15029.jpg
jeep,train/n03594945/n03594945_15055.jpg
jeep,train/n03594945/n03594945_15057.jpg
lamp,train/n04380533/n04380533_10.jpg
lamp,train/n04380533/n04380533_10028.jpg
lamp,train/n04380533/n04380533_10035.jpg
lamp,train/n04380533/n04380533_1007.jpg
lamp,train/n04380533/n04380533_1016.jpg
lamp,train/n04380533/n04380533_10193.jpg
lamp,train/n04380533/n04380533_1026.jpg
lamp,train/n04380533/n04380533_10333.jpg
lamp,train/n04380533/n04380533_10362.jpg
lamp,train/n04380533/n04380533_10429.jpg
lamp,train/n04380533/n04380533_10448.jpg
lamp,train/n04380533/n04380533_1056.jpg
lamp,train/n04380533/n04380533_1057.jpg
lamp,train/n04380533/n04380533_10623.jpg
lamp,train/n04380533/n04380533_10663.jpg
lamp,train/n04380533/n04380533_1072.jpg
lamp,train/n04380533/n04380533_1074.jpg
lamp,train/n04380533/n04380533_1076.jpg
lamp,train/n04380533/n04380533_1077.jpg
lamp,train/n04380533/n04380533_10798.jpg
lamp,train/n04380533/n04380533_1082.jpg
lamp,train/n04380533/n04380533_1083.jpg
lamp,train/n04380533/n04380533_10837.jpg
lamp,train/n04380533/n04380533_1085.jpg
lamp,train/n04380533/n04380533_1087.jpg
lamp,train/n04380533/n04380533_1092.jpg
lamp,train/n04380533/n04380533_1094.jpg
lamp,train/n04380533/n04380533_10954.jpg
lamp,train/n04380533/n04380533_1096.jpg
lamp,train/n04380533/n04380533_10960.jpg
lamp,train/n04380533/n04380533_1097.jpg
lamp,train/n04380533/n04380533_1105.jpg
lamp,train/n04380533/n04380533_1106.jpg
lamp,train/n04380533/n04380533_1108.jpg
lamp,train/n04380533/n04380533_1111.jpg
lamp,train/n04380533/n04380533_1117.jpg
lamp,train/n04380533/n04380533_1120.jpg
lamp,train/n04380533/n04380533_1121.jpg
lamp,train/n04380533/n04380533_1125.jpg
lamp,train/n04380533/n04380533_113.jpg
lamp,train/n04380533/n04380533_1130.jpg
lamp,train/n04380533/n04380533_1132.jpg
lamp,train/n04380533/n04380533_1143.jpg
lamp,train/n04380533/n04380533_11438.jpg
lamp,train/n04380533/n04380533_1146.jpg
lamp,train/n04380533/n04380533_1151.jpg
lamp,train/n04380533/n04380533_1158.jpg
lamp,train/n04380533/n04380533_1162.jpg
lamp,train/n04380533/n04380533_11663.jpg
lamp,train/n04380533/n04380533_1167.jpg
lamp,train/n04380533/n04380533_1168.jpg
lamp,train/n04380533/n04380533_1173.jpg
lamp,train/n04380533/n04380533_1174.jpg
lamp,train/n04380533/n04380533_1180.jpg
lamp,train/n04380533/n04380533_1181.jpg
lamp,train/n04380533/n04380533_1183.jpg
lamp,train/n04380533/n04380533_1188.jpg
lamp,train/n04380533/n04380533_1189.jpg
lamp,train/n04380533/n04380533_1190.jpg
lamp,train/n04380533/n04380533_1195.jpg
lamp,train/n04380533/n04380533_1199.jpg
lamp,train/n04380533/n04380533_1204.jpg
lamp,train/n04380533/n04380533_12137.jpg
lamp,train/n04380533/n04380533_1219.jpg
lamp,train/n04380533/n04380533_12217.jpg
lamp,train/n04380533/n04380533_1223.jpg
lamp,train/n04380533/n04380533_12244.jpg
lamp,train/n04380533/n04380533_1226.jpg
lamp,train/n04380533/n04380533_1227.jpg
lamp,train/n04380533/n04380533_1228.jpg
lamp,train/n04380533/n04380533_1230.jpg
lamp,train/n04380533/n04380533_1235.jpg
lamp,train/n04380533/n04380533_1241.jpg
lamp,train/n04380533/n04380533_1245.jpg
lamp,train/n04380533/n04380533_12455.jpg
lamp,train/n04380533/n04380533_1246.jpg
lamp,train/n04380533/n04380533_1249.jpg
lamp,train/n04380533/n04380533_1252.jpg
lamp,train/n04380533/n04380533_1261.jpg
lamp,train/n04380533/n04380533_12640.jpg
lamp,train/n04380533/n04380533_1268.jpg
lamp,train/n04380533/n04380533_1270.jpg
lamp,train/n04380533/n04380533_1277.jpg
lamp,train/n04380533/n04380533_1278.jpg
lamp,train/n04380533/n04380533_1279.jpg
lamp,train/n04380533/n04380533_1286.jpg
lamp,train/n04380533/n04380533_1290.jpg
lamp,train/n04380533/n04380533_1295.jpg
lamp,train/n04380533/n04380533_1308.jpg
lamp,train/n04380533/n04380533_131.jpg
lamp,train/n04380533/n04380533_1313.jpg
lamp,train/n04380533/n04380533_1320.jpg
lamp,train/n04380533/n04380533_1322.jpg
lamp,train/n04380533/n04380533_1328.jpg
lamp,train/n04380533/n04380533_1333.jpg
lamp,train/n04380533/n04380533_1336.jpg
lamp,train/n04380533/n04380533_13362.jpg
lamp,train/n04380533/n04380533_13390.jpg
lamp,train/n04380533/n04380533_1355.jpg
lamp,train/n04380533/n04380533_1361.jpg
lamp,train/n04380533/n04380533_1364.jpg
lamp,train/n04380533/n04380533_13652.jpg
lamp,train/n04380533/n04380533_1372.jpg
lamp,train/n04380533/n04380533_138.jpg
lamp,train/n04380533/n04380533_1382.jpg
lamp,train/n04380533/n04380533_1386.jpg
lamp,train/n04380533/n04380533_139.jpg
lamp,train/n04380533/n04380533_1391.jpg
lamp,train/n04380533/n04380533_1392.jpg
lamp,train/n04380533/n04380533_13923.jpg
lamp,train/n04380533/n04380533_1396.jpg
lamp,train/n04380533/n04380533_13982.jpg
lamp,train/n04380533/n04380533_1401.jpg
lamp,train/n04380533/n04380533_14014.jpg
lamp,train/n04380533/n04380533_141.jpg
lamp,train/n04380533/n04380533_1418.jpg
lamp,train/n04380533/n04380533_142.jpg
lamp,train/n04380533/n04380533_1435.jpg
lamp,train/n04380533/n04380533_1445.jpg
lamp,train/n04380533/n04380533_1448.jpg
lamp,train/n04380533/n04380533_145.jpg
lamp,train/n04380533/n04380533_14589.jpg
lamp,train/n04380533/n04380533_1465.jpg
lamp,train/n04380533/n04380533_1466.jpg
lamp,train/n04380533/n04380533_1473.jpg
lamp,train/n04380533/n04380533_1490.jpg
lamp,train/n04380533/n04380533_1509.jpg
lamp,train/n04380533/n04380533_1510.jpg
lamp,train/n04380533/n04380533_1521.jpg
lamp,train/n04380533/n04380533_15278.jpg
lamp,train/n04380533/n04380533_15469.jpg
lamp,train/n04380533/n04380533_1558.jpg
lamp,train/n04380533/n04380533_156.jpg
lamp,train/n04380533/n04380533_1570.jpg
lamp,train/n04380533/n04380533_1576.jpg
lamp,train/n04380533/n04380533_1582.jpg
lamp,train/n04380533/n04380533_1594.jpg
lamp,train/n04380533/n04380533_15999.jpg
lamp,train/n04380533/n04380533_1602.jpg
lamp,train/n04380533/n04380533_1605.jpg
lamp,train/n04380533/n04380533_1608.jpg
lamp,train/n04380533/n04380533_1612.jpg
lamp,train/n04380533/n04380533_1613.jpg
lamp,train/n04380533/n04380533_1627.jpg
lamp,train/n04380533/n04380533_16297.jpg
lamp,train/n04380533/n04380533_163.jpg
lamp,train/n04380533/n04380533_16350.jpg
lamp,train/n04380533/n04380533_16406.jpg
lamp,train/n04380533/n04380533_1650.jpg
lamp,train/n04380533/n04380533_16500.jpg
lamp,train/n04380533/n04380533_16531.jpg
lamp,train/n04380533/n04380533_16551.jpg
lamp,train/n04380533/n04380533_1657.jpg
lamp,train/n04380533/n04380533_1668.jpg
lamp,train/n04380533/n04380533_1670.jpg
lamp,train/n04380533/n04380533_1674.jpg
lamp,train/n04380533/n04380533_1689.jpg
lamp,train/n04380533/n04380533_1692.jpg
lamp,train/n04380533/n04380533_1706.jpg
lamp,train/n04380533/n04380533_1717.jpg
lamp,train/n04380533/n04380533_1724.jpg
lamp,train/n04380533/n04380533_17276.jpg
lamp,train/n04380533/n04380533_17378.jpg
lamp,train/n04380533/n04380533_1738.jpg
lamp,train/n04380533/n04380533_1739.jpg
lamp,train/n04380533/n04380533_1750.jpg
lamp,train/n04380533/n04380533_1754.jpg
lamp,train/n04380533/n04380533_17571.jpg
lamp,train/n04380533/n04380533_1758.jpg
lamp,train/n04380533/n04380533_1763.jpg
lamp,train/n04380533/n04380533_17646.jpg
lamp,train/n04380533/n04380533_177.jpg
lamp,train/n04380533/n04380533_17728.jpg
lamp,train/n04380533/n04380533_1784.jpg
lamp,train/n04380533/n04380533_17854.jpg
lamp,train/n04380533/n04380533_1804.jpg
lamp,train/n04380533/n04380533_1806.jpg
lamp,train/n04380533/n04380533_18116.jpg
lamp,train/n04380533/n04380533_1812.jpg
lamp,train/n04380533/n04380533_1822.jpg
lamp,train/n04380533/n04380533_1824.jpg
lamp,train/n04380533/n04380533_1825.jpg
lamp,train/n04380533/n04380533_1827.jpg
lamp,train/n04380533/n04380533_1830.jpg
lamp,train/n04380533/n04380533_1835.jpg
lamp,train/n04380533/n04380533_1836.jpg
lamp,train/n04380533/n04380533_1839.jpg
lamp,train/n04380533/n04380533_1841.jpg
lamp,train/n04380533/n04380533_1842.jpg
lamp,train/n04380533/n04380533_1843.jpg
lamp,train/n04380533/n04380533_1848.jpg
lamp,train/n04380533/n04380533_1849.jpg
lamp,train/n04380533/n04380533_1853.jpg
lamp,train/n04380533/n04380533_1855.jpg
lamp,train/n04380533/n04380533_186.jpg
lamp,train/n04380533/n04380533_1866.jpg
lamp,train/n04380533/n04380533_18661.jpg
lamp,train/n04380533/n04380533_1867.jpg
lamp,train/n04380533/n04380533_18756.jpg
lamp,train/n04380533/n04380533_1881.jpg
lamp,train/n04380533/n04380533_18828.jpg
lamp,train/n04380533/n04380533_1883.jpg
lamp,train/n04380533/n04380533_1884.jpg
lamp,train/n04380533/n04380533_1886.jpg
lamp,train/n04380533/n04380533_189.jpg
lamp,train/n04380533/n04380533_1892.jpg
lamp,train/n04380533/n04380533_1893.jpg
lamp,train/n04380533/n04380533_1895.jpg
lamp,train/n04380533/n04380533_1900.jpg
lamp,train/n04380533/n04380533_1906.jpg
lamp,train/n04380533/n04380533_1910.jpg
lamp,train/n04380533/n04380533_19109.jpg
lamp,train/n04380533/n04380533_1927.jpg
lamp,train/n04380533/n04380533_1936.jpg
lamp,train/n04380533/n04380533_1940.jpg
lamp,train/n04380533/n04380533_1941.jpg
lamp,train/n04380533/n04380533_1942.jpg
lamp,train/n04380533/n04380533_1945.jpg
lamp,train/n04380533/n04380533_1946.jpg
lamp,train/n04380533/n04380533_1949.jpg
lamp,train/n04380533/n04380533_1952.jpg
lamp,train/n04380533/n04380533_1954.jpg
lamp,train/n04380533/n04380533_1965.jpg
lamp,train/n04380533/n04380533_19657.jpg
lamp,train/n04380533/n04380533_197.jpg
lamp,train/n04380533/n04380533_1979.jpg
lamp,train/n04380533/n04380533_1980.jpg
lamp,train/n04380533/n04380533_1982.jpg
lamp,train/n04380533/n04380533_1986.jpg
lamp,train/n04380533/n04380533_1989.jpg
lamp,train/n04380533/n04380533_1990.jpg
lamp,train/n04380533/n04380533_1991.jpg
lamp,train/n04380533/n04380533_1992.jpg
lamp,train/n04380533/n04380533_1997.jpg
lamp,train/n04380533/n04380533_200.jpg
lamp,train/n04380533/n04380533_2000.jpg
lamp,train/n04380533/n04380533_2004.jpg
lamp,train/n04380533/n04380533_2008.jpg
lamp,train/n04380533/n04380533_2009.jpg
lamp,train/n04380533/n04380533_2011.jpg
lamp,train/n04380533/n04380533_20121.jpg
lamp,train/n04380533/n04380533_20124.jpg
lamp,train/n04380533/n04380533_2013.jpg
lamp,train/n04380533/n04380533_2016.jpg
lamp,train/n04380533/n04380533_2017.jpg
lamp,train/n04380533/n04380533_2018.jpg
lamp,train/n04380533/n04380533_202.jpg
lamp,train/n04380533/n04380533_2022.jpg
lamp,train/n04380533/n04380533_2026.jpg
lamp,train/n04380533/n04380533_20280.jpg
lamp,train/n04380533/n04380533_203.jpg
lamp,train/n04380533/n04380533_20364.jpg
lamp,train/n04380533/n04380533_2040.jpg
lamp,train/n04380533/n04380533_20408.jpg
lamp,train/n04380533/n04380533_2042.jpg
lamp,train/n04380533/n04380533_2044.jpg
sportsCar,train/n04285008/n04285008_10006.jpg
sportsCar,train/n04285008/n04285008_10023.jpg
sportsCar,train/n04285008/n04285008_1005.jpg
sportsCar,train/n04285008/n04285008_10057.jpg
sportsCar,train/n04285008/n04285008_10073.jpg
sportsCar,train/n04285008/n04285008_10081.jpg
sportsCar,train/n04285008/n04285008_10108.jpg
sportsCar,train/n04285008/n04285008_10138.jpg
sportsCar,train/n04285008/n04285008_10144.jpg
sportsCar,train/n04285008/n04285008_10189.jpg
sportsCar,train/n04285008/n04285008_10192.jpg
sportsCar,train/n04285008/n04285008_10223.jpg
sportsCar,train/n04285008/n04285008_1026.jpg
sportsCar,train/n04285008/n04285008_10264.jpg
sportsCar,train/n04285008/n04285008_10278.jpg
sportsCar,train/n04285008/n04285008_10286.jpg
sportsCar,train/n04285008/n04285008_10287.jpg
sportsCar,train/n04285008/n04285008_10296.jpg
sportsCar,train/n04285008/n04285008_10297.jpg
sportsCar,train/n04285008/n04285008_10356.jpg
sportsCar,train/n04285008/n04285008_10393.jpg
sportsCar,train/n04285008/n04285008_10403.jpg
sportsCar,train/n04285008/n04285008_10440.jpg
sportsCar,train/n04285008/n04285008_10442.jpg
sportsCar,train/n04285008/n04285008_10453.jpg
sportsCar,train/n04285008/n04285008_10462.jpg
sportsCar,train/n04285008/n04285008_10468.jpg
sportsCar,train/n04285008/n04285008_1053.jpg
sportsCar,train/n04285008/n04285008_10539.jpg
sportsCar,train/n04285008/n04285008_10542.jpg
sportsCar,train/n04285008/n04285008_10545.jpg
sportsCar,train/n04285008/n04285008_10551.jpg
sportsCar,train/n04285008/n04285008_10561.jpg
sportsCar,train/n04285008/n04285008_10563.jpg
sportsCar,train/n04285008/n04285008_10565.jpg
sportsCar,train/n04285008/n04285008_10566.jpg
sportsCar,train/n04285008/n04285008_1062.jpg
sportsCar,train/n04285008/n04285008_10631.jpg
sportsCar,train/n04285008/n04285008_10703.jpg
sportsCar,train/n04285008/n04285008_10706.jpg
sportsCar,train/n04285008/n04285008_10711.jpg
sportsCar,train/n04285008/n04285008_10726.jpg
sportsCar,train/n04285008/n04285008_10736.jpg
sportsCar,train/n04285008/n04285008_10738.jpg
sportsCar,train/n04285008/n04285008_10740.jpg
sportsCar,train/n04285008/n04285008_10749.jpg
sportsCar,train/n04285008/n04285008_10755.jpg
sportsCar,train/n04285008/n04285008_10758.jpg
sportsCar,train/n04285008/n04285008_10764.jpg
sportsCar,train/n04285008/n04285008_10775.jpg
sportsCar,train/n04285008/n04285008_10791.jpg
sportsCar,train/n04285008/n04285008_10802.jpg
sportsCar,train/n04285008/n04285008_10804.jpg
sportsCar,train/n04285008/n04285008_10817.jpg
sportsCar,train/n04285008/n04285008_10824.jpg
sportsCar,train/n04285008/n04285008_10825.jpg
sportsCar,train/n04285008/n04285008_10826.jpg
sportsCar,train/n04285008/n04285008_10832.jpg
sportsCar,train/n04285008/n04285008_10833.jpg
sportsCar,train/n04285008/n04285008_1085.jpg
sportsCar,train/n04285008/n04285008_10865.jpg
sportsCar,train/n04285008/n04285008_10876.jpg
sportsCar,train/n04285008/n04285008_10884.jpg
sportsCar,train/n04285008/n04285008_10893.jpg
sportsCar,train/n04285008/n04285008_10899.jpg
sportsCar,train/n04285008/n04285008_10901.jpg
sportsCar,train/n04285008/n04285008_10905.jpg
sportsCar,train/n04285008/n04285008_10914.jpg
sportsCar,train/n04285008/n04285008_10917.jpg
sportsCar,train/n04285008/n04285008_10926.jpg
sportsCar,train/n04285008/n04285008_1094.jpg
sportsCar,train/n04285008/n04285008_10944.jpg
sportsCar,train/n04285008/n04285008_10948.jpg
sportsCar,train/n04285008/n04285008_10958.jpg
sportsCar,train/n04285008/n04285008_1097.jpg
sportsCar,train/n04285008/n04285008_10991.jpg
sportsCar,train/n04285008/n04285008_10995.jpg
sportsCar,train/n04285008/n04285008_10998.jpg
sportsCar,train/n04285008/n04285008_10999.jpg
sportsCar,train/n04285008/n04285008_11004.jpg
sportsCar,train/n04285008/n04285008_11011.jpg
sportsCar,train/n04285008/n04285008_11013.jpg
sportsCar,train/n04285008/n04285008_11028.jpg
sportsCar,train/n04285008/n04285008_11038.jpg
sportsCar,train/n04285008/n04285008_11042.jpg
sportsCar,train/n04285008/n04285008_11055.jpg
sportsCar,train/n04285008/n04285008_11056.jpg
sportsCar,train/n04285008/n04285008_11080.jpg
sportsCar,train/n04285008/n04285008_11085.jpg
sportsCar,train/n04285008/n04285008_1112.jpg
sportsCar,train/n04285008/n04285008_11133.jpg
sportsCar,train/n04285008/n04285008_1114.jpg
sportsCar,train/n04285008/n04285008_11147.jpg
sportsCar,train/n04285008/n04285008_11161.jpg
sportsCar,train/n04285008/n04285008_11171.jpg
sportsCar,train/n04285008/n04285008_11186.jpg
sportsCar,train/n04285008/n04285008_11203.jpg
sportsCar,train/n04285008/n04285008_1122.jpg
sportsCar,train/n04285008/n04285008_11238.jpg
sportsCar,train/n04285008/n04285008_1124.jpg
sportsCar,train/n04285008/n04285008_11240.jpg
sportsCar,train/n04285008/n04285008_11247.jpg
sportsCar,train/n04285008/n04285008_11290.jpg
sportsCar,train/n04285008/n04285008_11291.jpg
sportsCar,train/n04285008/n04285008_11295.jpg
sportsCar,train/n04285008/n04285008_11323.jpg
sportsCar,train/n04285008/n04285008_11352.jpg
sportsCar,train/n04285008/n04285008_11384.jpg
sportsCar,train/n04285008/n04285008_11390.jpg
sportsCar,train/n04285008/n04285008_11394.jpg
sportsCar,train/n04285008/n04285008_1140.jpg
sportsCar,train/n04285008/n04285008_11410.jpg
sportsCar,train/n04285008/n04285008_11411.jpg
sportsCar,train/n04285008/n04285008_11446.jpg
sportsCar,train/n04285008/n04285008_11451.jpg
sportsCar,train/n04285008/n04285008_11452.jpg
sportsCar,train/n04285008/n04285008_1150.jpg
sportsCar,train/n04285008/n04285008_11559.jpg
sportsCar,train/n04285008/n04285008_1156.jpg
sportsCar,train/n04285008/n04285008_11568.jpg
sportsCar,train/n04285008/n04285008_11600.jpg
sportsCar,train/n04285008/n04285008_11605.jpg
sportsCar,train/n04285008/n04285008_11608.jpg
sportsCar,train/n04285008/n04285008_11616.jpg
sportsCar,train/n04285008/n04285008_11658.jpg
sportsCar,train/n04285008/n04285008_11688.jpg
sportsCar,train/n04285008/n04285008_11693.jpg
sportsCar,train/n04285008/n04285008_11698.jpg
sportsCar,train/n04285008/n04285008_11704.jpg
sportsCar,train/n04285008/n04285008_11707.jpg
sportsCar,train/n04285008/n04285008_11713.jpg
sportsCar,train/n04285008/n04285008_11714.jpg
sportsCar,train/n04285008/n04285008_11744.jpg
sportsCar,train/n04285008/n04285008_11745.jpg
sportsCar,train/n04285008/n04285008_11748.jpg
sportsCar,train/n04285008/n04285008_11756.jpg
sportsCar,train/n04285008/n04285008_11757.jpg
sportsCar,train/n04285008/n04285008_11763.jpg
sportsCar,train/n04285008/n04285008_11770.jpg
sportsCar,train/n04285008/n04285008_11781.jpg
sportsCar,train/n04285008/n04285008_11784.jpg
sportsCar,train/n04285008/n04285008_11790.jpg
sportsCar,train/n04285008/n04285008_11794.jpg
sportsCar,train/n04285008/n04285008_11808.jpg
sportsCar,train/n04285008/n04285008_11810.jpg
sportsCar,train/n04285008/n04285008_11815.jpg
sportsCar,train/n04285008/n04285008_11820.jpg
sportsCar,train/n04285008/n04285008_11870.jpg
sportsCar,train/n04285008/n04285008_11886.jpg
sportsCar,train/n04285008/n04285008_11893.jpg
sportsCar,train/n04285008/n04285008_11910.jpg
sportsCar,train/n04285008/n04285008_11922.jpg
sportsCar,train/n04285008/n04285008_1193.jpg
sportsCar,train/n04285008/n04285008_11931.jpg
sportsCar,train/n04285008/n04285008_11933.jpg
sportsCar,train/n04285008/n04285008_11952.jpg
sportsCar,train/n04285008/n04285008_11957.jpg
sportsCar,train/n04285008/n04285008_11965.jpg
sportsCar,train/n04285008/n04285008_11970.jpg
sportsCar,train/n04285008/n04285008_11973.jpg
sportsCar,train/n04285008/n04285008_11981.jpg
sportsCar,train/n04285008/n04285008_11990.jpg
sportsCar,train/n04285008/n04285008_12018.jpg
sportsCar,train/n04285008/n04285008_1202.jpg
sportsCar,train/n04285008/n04285008_12029.jpg
sportsCar,train/n04285008/n04285008_12035.jpg
sportsCar,train/n04285008/n04285008_12045.jpg
sportsCar,train/n04285008/n04285008_12063.jpg
sportsCar,train/n04285008/n04285008_12070.jpg
sportsCar,train/n04285008/n04285008_12086.jpg
sportsCar,train/n04285008/n04285008_12091.jpg
sportsCar,train/n04285008/n04285008_12101.jpg
sportsCar,train/n04285008/n04285008_12104.jpg
sportsCar,train/n04285008/n04285008_12128.jpg
sportsCar,train/n04285008/n04285008_12138.jpg
sportsCar,train/n04285008/n04285008_12169.jpg
sportsCar,train/n04285008/n04285008_12171.jpg
sportsCar,train/n04285008/n04285008_12182.jpg
sportsCar,train/n04285008/n04285008_12189.jpg
sportsCar,train/n04285008/n04285008_12192.jpg
sportsCar,train/n04285008/n04285008_12196.jpg
sportsCar,train/n04285008/n04285008_12206.jpg
sportsCar,train/n04285008/n04285008_12242.jpg
sportsCar,train/n04285008/n04285008_12289.jpg
sportsCar,train/n04285008/n04285008_12294.jpg
sportsCar,train/n04285008/n04285008_12333.jpg
sportsCar,train/n04285008/n04285008_12336.jpg
sportsCar,train/n04285008/n04285008_12356.jpg
sportsCar,train/n04285008/n04285008_1240.jpg
sportsCar,train/n04285008/n04285008_12423.jpg
sportsCar,train/n04285008/n04285008_1243.jpg
sportsCar,train/n04285008/n04285008_12438.jpg
sportsCar,train/n04285008/n04285008_12446.jpg
sportsCar,train/n04285008/n04285008_12451.jpg
sportsCar,train/n04285008/n04285008_12453.jpg
sportsCar,train/n04285008/n04285008_12457.jpg
sportsCar,train/n04285008/n04285008_12484.jpg
sportsCar,train/n04285008/n04285008_12501.jpg
sportsCar,train/n04285008/n04285008_12504.jpg
sportsCar,train/n04285008/n04285008_12508.jpg
sportsCar,train/n04285008/n04285008_12510.jpg
sportsCar,train/n04285008/n04285008_12532.jpg
sportsCar,train/n04285008/n04285008_12539.jpg
sportsCar,train/n04285008/n04285008_12543.jpg
sportsCar,train/n04285008/n04285008_12557.jpg
sportsCar,train/n04285008/n04285008_12573.jpg
sportsCar,train/n04285008/n04285008_12574.jpg
sportsCar,train/n04285008/n04285008_12580.jpg
sportsCar,train/n04285008/n04285008_12586.jpg
sportsCar,train/n04285008/n04285008_12589.jpg
sportsCar,train/n04285008/n04285008_12591.jpg
sportsCar,train/n04285008/n04285008_12592.jpg
sportsCar,train/n04285008/n04285008_12659.jpg
sportsCar,train/n04285008/n04285008_12662.jpg
sportsCar,train/n04285008/n04285008_12667.jpg
sportsCar,train/n04285008/n04285008_12682.jpg
sportsCar,train/n04285008/n04285008_12688.jpg
sportsCar,train/n04285008/n04285008_12691.jpg
sportsCar,train/n04285008/n04285008_12696.jpg
sportsCar,train/n04285008/n04285008_12698.jpg
sportsCar,train/n04285008/n04285008_127.jpg
sportsCar,train/n04285008/n04285008_12727.jpg
sportsCar,train/n04285008/n04285008_12737.jpg
sportsCar,train/n04285008/n04285008_12754.jpg
sportsCar,train/n04285008/n04285008_12764.jpg
sportsCar,train/n04285008/n04285008_12767.jpg
sportsCar,train/n04285008/n04285008_1277.jpg
sportsCar,train/n04285008/n04285008_12794.jpg
sportsCar,train/n04285008/n04285008_12868.jpg
sportsCar,train/n04285008/n04285008_12909.jpg
sportsCar,train/n04285008/n04285008_12919.jpg
sportsCar,train/n04285008/n04285008_12927.jpg
sportsCar,train/n04285008/n04285008_12937.jpg
sportsCar,train/n04285008/n04285008_12947.jpg
sportsCar,train/n04285008/n04285008_12957.jpg
sportsCar,train/n04285008/n04285008_12970.jpg
sportsCar,train/n04285008/n04285008_12974.jpg
sportsCar,train/n04285008/n04285008_12996.jpg
sportsCar,train/n04285008/n04285008_13.jpg
sportsCar,train/n04285008/n04285008_13001.jpg
sportsCar,train/n04285008/n04285008_1301.jpg
sportsCar,train/n04285008/n04285008_13021.jpg
sportsCar,train/n04285008/n04285008_13022.jpg
sportsCar,train/n04285008/n04285008_1305.jpg
sportsCar,train/n04285008/n04285008_13054.jpg
sportsCar,train/n04285008/n04285008_13055.jpg
sportsCar,train/n04285008/n04285008_13076.jpg
sportsCar,train/n04285008/n04285008_13085.jpg
sportsCar,train/n04285008/n04285008_13087.jpg
sportsCar,train/n04285008/n04285008_13094.jpg
sportsCar,train/n04285008/n04285008_13104.jpg
sportsCar,train/n04285008/n04285008_1313.jpg
sportsCar,train/n04285008/n04285008_13131.jpg
sportsCar,train/n04285008/n04285008_13138.jpg
sportsCar,train/n04285008/n04285008_1314.jpg
sportsCar,train/n04285008/n04285008_13141.jpg
teapot,train/n04398044/n04398044_1000.jpg
teapot,train/n04398044/n04398044_10027.jpg
teapot,train/n04398044/n04398044_10028.jpg
teapot,train/n04398044/n04398044_10047.jpg
teapot,train/n04398044/n04398044_10074.jpg
teapot,train/n04398044/n04398044_10086.jpg
teapot,train/n04398044/n04398044_10092.jpg
teapot,train/n04398044/n04398044_10124.jpg
teapot,train/n04398044/n04398044_10187.jpg
teapot,train/n04398044/n04398044_10229.jpg
teapot,train/n04398044/n04398044_1025.jpg
teapot,train/n04398044/n04398044_10265.jpg
teapot,train/n04398044/n04398044_10266.jpg
teapot,train/n04398044/n04398044_10275.jpg
teapot,train/n04398044/n04398044_10298.jpg
teapot,train/n04398044/n04398044_10310.jpg
teapot,train/n04398044/n04398044_10326.jpg
teapot,train/n04398044/n04398044_10337.jpg
teapot,train/n04398044/n04398044_10367.jpg
teapot,train/n04398044/n04398044_10395.jpg
teapot,train/n04398044/n04398044_10401.jpg
teapot,train/n04398044/n04398044_10421.jpg
teapot,train/n04398044/n04398044_10425.jpg
teapot,train/n04398044/n04398044_1043.jpg
teapot,train/n04398044/n04398044_10458.jpg
teapot,train/n04398044/n04398044_10478.jpg
teapot,train/n04398044/n04398044_10483.jpg
teapot,train/n04398044/n04398044_10503.jpg
teapot,train/n04398044/n04398044_10526.jpg
teapot,train/n04398044/n04398044_10533.jpg
teapot,train/n04398044/n04398044_10559.jpg
teapot,train/n04398044/n04398044_10588.jpg
teapot,train/n04398044/n04398044_10597.jpg
teapot,train/n04398044/n04398044_10633.jpg
teapot,train/n04398044/n04398044_10647.jpg
teapot,train/n04398044/n04398044_1067.jpg
teapot,train/n04398044/n04398044_10688.jpg
teapot,train/n04398044/n04398044_10719.jpg
teapot,train/n04398044/n04398044_10741.jpg
teapot,train/n04398044/n04398044_10745.jpg
teapot,train/n04398044/n04398044_1076.jpg
teapot,train/n04398044/n04398044_10811.jpg
teapot,train/n04398044/n04398044_10873.jpg
teapot,train/n04398044/n04398044_10913.jpg
teapot,train/n04398044/n04398044_10972.jpg
teapot,train/n04398044/n04398044_10998.jpg
teapot,train/n04398044/n04398044_11032.jpg
teapot,train/n04398044/n04398044_11058.jpg
teapot,train/n04398044/n04398044_11070.jpg
teapot,train/n04398044/n04398044_11074.jpg
teapot,train/n04398044/n04398044_11088.jpg
teapot,train/n04398044/n04398044_11090.jpg
teapot,train/n04398044/n04398044_1110.jpg
teapot,train/n04398044/n04398044_11119.jpg
teapot,train/n04398044/n04398044_11146.jpg
teapot,train/n04398044/n04398044_11154.jpg
teapot,train/n04398044/n04398044_11166.jpg
teapot,train/n04398044/n04398044_112.jpg
teapot,train/n04398044/n04398044_11212.jpg
teapot,train/n04398044/n04398044_11266.jpg
teapot,train/n04398044/n04398044_11298.jpg
teapot,train/n04398044/n04398044_11321.jpg
teapot,train/n04398044/n04398044_11340.jpg
teapot,train/n04398044/n04398044_11349.jpg
teapot,train/n04398044/n04398044_11355.jpg
teapot,train/n04398044/n04398044_1141.jpg
teapot,train/n04398044/n04398044_11411.jpg
teapot,train/n04398044/n04398044_11451.jpg
teapot,train/n04398044/n04398044_11458.jpg
teapot,train/n04398044/n04398044_1146.jpg
teapot,train/n04398044/n04398044_11465.jpg
teapot,train/n04398044/n04398044_11472.jpg
teapot,train/n04398044/n04398044_11474.jpg
teapot,train/n04398044/n04398044_11492.jpg
teapot,train/n04398044/n04398044_11501.jpg
teapot,train/n04398044/n04398044_11512.jpg
teapot,train/n04398044/n04398044_11526.jpg
teapot,train/n04398044/n04398044_11536.jpg
teapot,train/n04398044/n04398044_11557.jpg
teapot,train/n04398044/n04398044_11560.jpg
teapot,train/n04398044/n04398044_11567.jpg
teapot,train/n04398044/n04398044_1157.jpg
teapot,train/n04398044/n04398044_11626.jpg
teapot,train/n04398044/n04398044_11630.jpg
teapot,train/n04398044/n04398044_11637.jpg
teapot,train/n04398044/n04398044_11638.jpg
teapot,train/n04398044/n04398044_11656.jpg
teapot,train/n04398044/n04398044_11669.jpg
teapot,train/n04398044/n04398044_11724.jpg
teapot,train/n04398044/n04398044_11775.jpg
teapot,train/n04398044/n04398044_11791.jpg
teapot,train/n04398044/n04398044_11804.jpg
teapot,train/n04398044/n04398044_11867.jpg
teapot,train/n04398044/n04398044_11870.jpg
teapot,train/n04398044/n04398044_11883.jpg
teapot,train/n04398044/n04398044_11907.jpg
teapot,train/n04398044/n04398044_1196.jpg
teapot,train/n04398044/n04398044_11998.jpg
teapot,train/n04398044/n04398044_12020.jpg
teapot,train/n04398044/n04398044_12061.jpg
teapot,train/n04398044/n04398044_12078.jpg
teapot,train/n04398044/n04398044_1208.jpg
teapot,train/n04398044/n04398044_12153.jpg
teapot,train/n04398044/n04398044_12206.jpg
teapot,train/n04398044/n04398044_12233.jpg
teapot,train/n04398044/n04398044_12244.jpg
teapot,train/n04398044/n04398044_12328.jpg
teapot,train/n04398044/n04398044_12350.jpg
teapot,train/n04398044/n04398044_12427.jpg
teapot,train/n04398044/n04398044_12431.jpg
teapot,train/n04398044/n04398044_12442.jpg
teapot,train/n04398044/n04398044_12462.jpg
teapot,train/n04398044/n04398044_12479.jpg
teapot,train/n04398044/n04398044_12501.jpg
teapot,train/n04398044/n04398044_12523.jpg
teapot,train/n04398044/n04398044_12545.jpg
teapot,train/n04398044/n04398044_12551.jpg
teapot,train/n04398044/n04398044_12576.jpg
teapot,train/n04398044/n04398044_12587.jpg
teapot,train/n04398044/n04398044_12623.jpg
teapot,train/n04398044/n04398044_12654.jpg
teapot,train/n04398044/n04398044_12670.jpg
teapot,train/n04398044/n04398044_12676.jpg
teapot,train/n04398044/n04398044_12690.jpg
teapot,train/n04398044/n04398044_12696.jpg
teapot,train/n04398044/n04398044_12716.jpg
teapot,train/n04398044/n04398044_12723.jpg
teapot,train/n04398044/n04398044_12732.jpg
teapot,train/n04398044/n04398044_12759.jpg
teapot,train/n04398044/n04398044_12810.jpg
teapot,train/n04398044/n04398044_12811.jpg
teapot,train/n04398044/n04398044_12818.jpg
teapot,train/n04398044/n04398044_12831.jpg
teapot,train/n04398044/n04398044_12838.jpg
teapot,train/n04398044/n04398044_1285.jpg
teapot,train/n04398044/n04398044_12853.jpg
teapot,train/n04398044/n04398044_12907.jpg
teapot,train/n04398044/n04398044_13013.jpg
teapot,train/n04398044/n04398044_13029.jpg
teapot,train/n04398044/n04398044_13032.jpg
teapot,train/n04398044/n04398044_13045.jpg
teapot,train/n04398044/n04398044_13053.jpg
teapot,train/n04398044/n04398044_13113.jpg
teapot,train/n04398044/n04398044_13170.jpg
teapot,train/n04398044/n04398044_13187.jpg
teapot,train/n04398044/n04398044_13200.jpg
teapot,train/n04398044/n04398044_13222.jpg
teapot,train/n04398044/n04398044_13264.jpg
teapot,train/n04398044/n04398044_13314.jpg
teapot,train/n04398044/n04398044_13325.jpg
teapot,train/n04398044/n04398044_13330.jpg
teapot,train/n04398044/n04398044_13361.jpg
teapot,train/n04398044/n04398044_13404.jpg
teapot,train/n04398044/n04398044_13409.jpg
teapot,train/n04398044/n04398044_13410.jpg
teapot,train/n04398044/n04398044_13417.jpg
teapot,train/n04398044/n04398044_13418.jpg
teapot,train/n04398044/n04398044_13453.jpg
teapot,train/n04398044/n04398044_13462.jpg
teapot,train/n04398044/n04398044_13466.jpg
teapot,train/n04398044/n04398044_13469.jpg
teapot,train/n04398044/n04398044_13470.jpg
teapot,train/n04398044/n04398044_13506.jpg
teapot,train/n04398044/n04398044_13519.jpg
teapot,train/n04398044/n04398044_13527.jpg
teapot,train/n04398044/n04398044_13533.jpg
teapot,train/n04398044/n04398044_13542.jpg
teapot,train/n04398044/n04398044_13563.jpg
teapot,train/n04398044/n04398044_13569.jpg
teapot,train/n04398044/n04398044_1358.jpg
teapot,train/n04398044/n04398044_13603.jpg
teapot,train/n04398044/n04398044_1363.jpg
teapot,train/n04398044/n04398044_13680.jpg
teapot,train/n04398044/n04398044_137.jpg
teapot,train/n04398044/n04398044_13702.jpg
teapot,train/n04398044/n04398044_13716.jpg
teapot,train/n04398044/n04398044_1372.jpg
teapot,train/n04398044/n04398044_13741.jpg
teapot,train/n04398044/n04398044_13744.jpg
teapot,train/n04398044/n04398044_13747.jpg
teapot,train/n04398044/n04398044_13752.jpg
teapot,train/n04398044/n04398044_13763.jpg
teapot,train/n04398044/n04398044_13775.jpg
teapot,train/n04398044/n04398044_13785.jpg
teapot,train/n04398044/n04398044_13787.jpg
teapot,train/n04398044/n04398044_13803.jpg
teapot,train/n04398044/n04398044_1381.jpg
teapot,train/n04398044/n04398044_13812.jpg
teapot,train/n04398044/n04398044_13820.jpg
teapot,train/n04398044/n04398044_13833.jpg
teapot,train/n04398044/n04398044_13875.jpg
teapot,train/n04398044/n04398044_13879.jpg
teapot,train/n04398044/n04398044_13904.jpg
teapot,train/n04398044/n04398044_13910.jpg
teapot,train/n04398044/n04398044_13918.jpg
teapot,train/n04398044/n04398044_13978.jpg
teapot,train/n04398044/n04398044_1399.jpg
teapot,train/n04398044/n04398044_14007.jpg
teapot,train/n04398044/n04398044_14022.jpg
teapot,train/n04398044/n04398044_14026.jpg
teapot,train/n04398044/n04398044_14037.jpg
teapot,train/n04398044/n04398044_14047.jpg
teapot,train/n04398044/n04398044_14076.jpg
teapot,train/n04398044/n04398044_14100.jpg
teapot,train/n04398044/n04398044_14115.jpg
teapot,train/n04398044/n04398044_14120.jpg
teapot,train/n04398044/n04398044_14137.jpg
teapot,train/n04398044/n04398044_14146.jpg
teapot,train/n04398044/n04398044_14160.jpg
teapot,train/n04398044/n04398044_14173.jpg
teapot,train/n04398044/n04398044_14186.jpg
teapot,train/n04398044/n04398044_14188.jpg
teapot,train/n04398044/n04398044_1421.jpg
teapot,train/n04398044/n04398044_14218.jpg
teapot,train/n04398044/n04398044_14237.jpg
teapot,train/n04398044/n04398044_14259.jpg
teapot,train/n04398044/n04398044_14289.jpg
teapot,train/n04398044/n04398044_14305.jpg
teapot,train/n04398044/n04398044_14340.jpg
teapot,train/n04398044/n04398044_14358.jpg
teapot,train/n04398044/n04398044_1436.jpg
teapot,train/n04398044/n04398044_14368.jpg
teapot,train/n04398044/n04398044_14371.jpg
teapot,train/n04398044/n04398044_14373.jpg
teapot,train/n04398044/n04398044_14381.jpg
teapot,train/n04398044/n04398044_14386.jpg
teapot,train/n04398044/n04398044_144.jpg
teapot,train/n04398044/n04398044_14400.jpg
teapot,train/n04398044/n04398044_14433.jpg
teapot,train/n04398044/n04398044_14445.jpg
teapot,train/n04398044/n04398044_14456.jpg
teapot,train/n04398044/n04398044_14488.jpg
teapot,train/n04398044/n04398044_14504.jpg
teapot,train/n04398044/n04398044_14516.jpg
teapot,train/n04398044/n04398044_14531.jpg
teapot,train/n04398044/n04398044_14549.jpg
teapot,train/n04398044/n04398044_14551.jpg
teapot,train/n04398044/n04398044_14586.jpg
teapot,train/n04398044/n04398044_14614.jpg
teapot,train/n04398044/n04398044_14625.jpg
teapot,train/n04398044/n04398044_14629.jpg
teapot,train/n04398044/n04398044_14650.jpg
teapot,train/n04398044/n04398044_14653.jpg
teapot,train/n04398044/n04398044_1466.jpg
teapot,train/n04398044/n04398044_14689.jpg
teapot,train/n04398044/n04398044_14691.jpg
teapot,train/n04398044/n04398044_14696.jpg
teapot,train/n04398044/n04398044_14713.jpg
teapot,train/n04398044/n04398044_1475.jpg
teapot,train/n04398044/n04398044_14774.jpg
teapot,train/n04398044/n04398044_14796.jpg
teapot,train/n04398044/n04398044_14864.jpg
teapot,train/n04398044/n04398044_14884.jpg
teapot,train/n04398044/n04398044_14892.jpg
teapot,train/n04398044/n04398044_14895.jpg
teapot,train/n04398044/n04398044_14908.jpg
